selected_index,dataset_split,camera,video_file,episode_index,frame_index,timestamp_seconds,source_frame,output_file,selection_reason,notes
1,short,head_left,file-000.mp4,26,5050,168.333333,task_A_dataset_frame/outputs/frames_raw/short_head_left_file000_episode000026_frame005050_t168333.jpg,task_A_dataset_frame/outputs/frames_selected/cvat_batch_001/short_head_left_file000_episode000026_frame005050_t168333.jpg,stratified_coverage,hard_score=0.111475; brightness=0.566554; contrast=0.163103; edge_density=0.124740; sharpness=0.003671
2,short,head_left,file-000.mp4,31,6010,200.333333,task_A_dataset_frame/outputs/frames_raw/short_head_left_file000_episode000031_frame006010_t200333.jpg,task_A_dataset_frame/outputs/frames_selected/cvat_batch_001/short_head_left_file000_episode000031_frame006010_t200333.jpg,stratified_coverage+visual_hard_candidate,hard_score=0.119173; brightness=0.583550; contrast=0.156154; edge_density=0.127865; sharpness=0.003785
3,short,head_left,file-000.mp4,35,6890,229.666667,task_A_dataset_frame/outputs/frames_raw/short_head_left_file000_episode000035_frame006890_t229667.jpg,task_A_dataset_frame/outputs/frames_selected/cvat_batch_001/short_head_left_file000_episode000035_frame006890_t229667.jpg,stratified_coverage,hard_score=0.112012; brightness=0.582254; contrast=0.148728; edge_density=0.112344; sharpness=0.003282
4,short,head_left,file-000.mp4,40,7770,259.000000,task_A_dataset_frame/outputs/frames_raw/short_head_left_file000_episode000040_frame007770_t259000.jpg,task_A_dataset_frame/outputs/frames_selected/cvat_batch_001/short_head_left_file000_episode000040_frame007770_t259000.jpg,stratified_coverage,hard_score=0.117047; brightness=0.574313; contrast=0.160126; edge_density=0.132865; sharpness=0.003731
5,short,head_left,file-000.mp4,45,8650,288.333333,task_A_dataset_frame/outputs/frames_raw/short_head_left_file000_episode000045_frame008650_t288333.jpg,task_A_dataset_frame/outputs/frames_selected/cvat_batch_001/short_head_left_file000_episode000045_frame008650_t288333.jpg,stratified_coverage+visual_hard_candidate,hard_score=0.117412; brightness=0.581499; contrast=0.157526; edge_density=0.124271; sharpness=0.003899
6,short,head_left,file-000.mp4,50,9690,323.000000,task_A_dataset_frame/outputs/frames_raw/short_head_left_file000_episode000050_frame009690_t323000.jpg,task_A_dataset_frame/outputs/frames_selected/cvat_batch_001/short_head_left_file000_episode000050_frame009690_t323000.jpg,stratified_coverage,hard_score=0.108745; brightness=0.566075; contrast=0.163081; edge_density=0.116458; sharpness=0.003495
7,short,head_left,file-000.mp4,54,10410,347.000000,task_A_dataset_frame/outputs/frames_raw/short_head_left_file000_episode000054_frame010410_t347000.jpg,task_A_dataset_frame/outputs/frames_selected/cvat_batch_001/short_head_left_file000_episode000054_frame010410_t347000.jpg,stratified_coverage+visual_hard_candidate,hard_score=0.117533; brightness=0.567843; contrast=0.165259; edge_density=0.140990; sharpness=0.004166
8,short,head_left,file-000.mp4,60,11530,384.333333,task_A_dataset_frame/outputs/frames_raw/short_head_left_file000_episode000060_frame011530_t384333.jpg,task_A_dataset_frame/outputs/frames_selected/cvat_batch_001/short_head_left_file000_episode000060_frame011530_t384333.jpg,stratified_coverage,hard_score=0.116533; brightness=0.579088; contrast=0.161517; edge_density=0.122031; sharpness=0.004038
9,short,head_left,file-000.mp4,65,12490,416.333333,task_A_dataset_frame/outputs/frames_raw/short_head_left_file000_episode000065_frame012490_t416333.jpg,task_A_dataset_frame/outputs/frames_selected/cvat_batch_001/short_head_left_file000_episode000065_frame012490_t416333.jpg,stratified_coverage+visual_hard_candidate,hard_score=0.117352; brightness=0.581208; contrast=0.159305; edge_density=0.123073; sharpness=0.003932
10,short,head_left,file-000.mp4,68,13060,435.333333,task_A_dataset_frame/outputs/frames_raw/short_head_left_file000_episode000068_frame013060_t435333.jpg,task_A_dataset_frame/outputs/frames_selected/cvat_batch_001/short_head_left_file000_episode000068_frame013060_t435333.jpg,stratified_coverage+visual_hard_candidate,hard_score=0.119148; brightness=0.584331; contrast=0.155869; edge_density=0.126719; sharpness=0.003726
11,short,head_left,file-000.mp4,73,14020,467.333333,task_A_dataset_frame/outputs/frames_raw/short_head_left_file000_episode000073_frame014020_t467333.jpg,task_A_dataset_frame/outputs/frames_selected/cvat_batch_001/short_head_left_file000_episode000073_frame014020_t467333.jpg,stratified_coverage+visual_hard_candidate,hard_score=0.117740; brightness=0.583967; contrast=0.157152; edge_density=0.121563; sharpness=0.003659
12,short,head_left,file-000.mp4,78,14980,499.333333,task_A_dataset_frame/outputs/frames_raw/short_head_left_file000_episode000078_frame014980_t499333.jpg,task_A_dataset_frame/outputs/frames_selected/cvat_batch_001/short_head_left_file000_episode000078_frame014980_t499333.jpg,stratified_coverage+visual_hard_candidate,hard_score=0.118403; brightness=0.584764; contrast=0.156709; edge_density=0.122813; sharpness=0.003779
13,short,head_left,file-000.mp4,81,15620,520.666667,task_A_dataset_frame/outputs/frames_raw/short_head_left_file000_episode000081_frame015620_t520667.jpg,task_A_dataset_frame/outputs/frames_selected/cvat_batch_001/short_head_left_file000_episode000081_frame015620_t520667.jpg,stratified_coverage+visual_hard_candidate,hard_score=0.117753; brightness=0.587595; contrast=0.149760; edge_density=0.121719; sharpness=0.003495
14,short,head_left,file-000.mp4,83,16100,536.666667,task_A_dataset_frame/outputs/frames_raw/short_head_left_file000_episode000083_frame016100_t536667.jpg,task_A_dataset_frame/outputs/frames_selected/cvat_batch_001/short_head_left_file000_episode000083_frame016100_t536667.jpg,stratified_coverage,hard_score=0.113370; brightness=0.582062; contrast=0.149109; edge_density=0.116875; sharpness=0.003341
15,short,head_left,file-000.mp4,91,17540,584.666667,task_A_dataset_frame/outputs/frames_raw/short_head_left_file000_episode000091_frame017540_t584667.jpg,task_A_dataset_frame/outputs/frames_selected/cvat_batch_001/short_head_left_file000_episode000091_frame017540_t584667.jpg,stratified_coverage,hard_score=0.117263; brightness=0.579131; contrast=0.157041; edge_density=0.128125; sharpness=0.003726
16,short,head_left,file-000.mp4,95,18260,608.666667,task_A_dataset_frame/outputs/frames_raw/short_head_left_file000_episode000095_frame018260_t608667.jpg,task_A_dataset_frame/outputs/frames_selected/cvat_batch_001/short_head_left_file000_episode000095_frame018260_t608667.jpg,stratified_coverage,hard_score=0.116897; brightness=0.580621; contrast=0.156097; edge_density=0.125208; sharpness=0.003706
17,short,head_left,file-000.mp4,98,18900,630.000000,task_A_dataset_frame/outputs/frames_raw/short_head_left_file000_episode000098_frame018900_t630000.jpg,task_A_dataset_frame/outputs/frames_selected/cvat_batch_001/short_head_left_file000_episode000098_frame018900_t630000.jpg,stratified_coverage,hard_score=0.112448; brightness=0.579503; contrast=0.152409; edge_density=0.115312; sharpness=0.003394
18,short,head_left,file-000.mp4,103,19860,662.000000,task_A_dataset_frame/outputs/frames_raw/short_head_left_file000_episode000103_frame019860_t662000.jpg,task_A_dataset_frame/outputs/frames_selected/cvat_batch_001/short_head_left_file000_episode000103_frame019860_t662000.jpg,stratified_coverage+visual_hard_candidate,hard_score=0.117493; brightness=0.582068; contrast=0.154525; edge_density=0.126094; sharpness=0.003626
19,short,head_left,file-000.mp4,110,21230,707.666667,task_A_dataset_frame/outputs/frames_raw/short_head_left_file000_episode000110_frame021230_t707667.jpg,task_A_dataset_frame/outputs/frames_selected/cvat_batch_001/short_head_left_file000_episode000110_frame021230_t707667.jpg,stratified_coverage,hard_score=0.107752; brightness=0.562324; contrast=0.164047; edge_density=0.118594; sharpness=0.003512
20,short,head_left,file-000.mp4,117,22590,753.000000,task_A_dataset_frame/outputs/frames_raw/short_head_left_file000_episode000117_frame022590_t753000.jpg,task_A_dataset_frame/outputs/frames_selected/cvat_batch_001/short_head_left_file000_episode000117_frame022590_t753000.jpg,stratified_coverage,hard_score=0.110298; brightness=0.569940; contrast=0.156563; edge_density=0.120625; sharpness=0.003599
21,short,head_left,file-000.mp4,122,23550,785.000000,task_A_dataset_frame/outputs/frames_raw/short_head_left_file000_episode000122_frame023550_t785000.jpg,task_A_dataset_frame/outputs/frames_selected/cvat_batch_001/short_head_left_file000_episode000122_frame023550_t785000.jpg,stratified_coverage,hard_score=0.115885; brightness=0.577488; contrast=0.156754; edge_density=0.126510; sharpness=0.003706
22,short,head_left,file-000.mp4,129,24910,830.333333,task_A_dataset_frame/outputs/frames_raw/short_head_left_file000_episode000129_frame024910_t830333.jpg,task_A_dataset_frame/outputs/frames_selected/cvat_batch_001/short_head_left_file000_episode000129_frame024910_t830333.jpg,stratified_coverage,hard_score=0.111276; brightness=0.568288; contrast=0.160717; edge_density=0.123177; sharpness=0.003641
23,short,head_left,file-000.mp4,134,25790,859.666667,task_A_dataset_frame/outputs/frames_raw/short_head_left_file000_episode000134_frame025790_t859667.jpg,task_A_dataset_frame/outputs/frames_selected/cvat_batch_001/short_head_left_file000_episode000134_frame025790_t859667.jpg,stratified_coverage,hard_score=0.112614; brightness=0.574986; contrast=0.154544; edge_density=0.121615; sharpness=0.003725
24,short,head_left,file-000.mp4,141,27230,907.666667,task_A_dataset_frame/outputs/frames_raw/short_head_left_file000_episode000141_frame027230_t907667.jpg,task_A_dataset_frame/outputs/frames_selected/cvat_batch_001/short_head_left_file000_episode000141_frame027230_t907667.jpg,stratified_coverage,hard_score=0.112195; brightness=0.579269; contrast=0.150431; edge_density=0.116510; sharpness=0.003252
25,short,head_left,file-000.mp4,148,28590,953.000000,task_A_dataset_frame/outputs/frames_raw/short_head_left_file000_episode000148_frame028590_t953000.jpg,task_A_dataset_frame/outputs/frames_selected/cvat_batch_001/short_head_left_file000_episode000148_frame028590_t953000.jpg,stratified_coverage,hard_score=0.113035; brightness=0.586763; contrast=0.147238; edge_density=0.109479; sharpness=0.003243
26,short,head_left,file-000.mp4,153,29480,982.666667,task_A_dataset_frame/outputs/frames_raw/short_head_left_file000_episode000153_frame029480_t982667.jpg,task_A_dataset_frame/outputs/frames_selected/cvat_batch_001/short_head_left_file000_episode000153_frame029480_t982667.jpg,stratified_coverage,hard_score=0.110632; brightness=0.566605; contrast=0.161320; edge_density=0.123333; sharpness=0.003692
27,short,head_left,file-000.mp4,161,30920,1030.666667,task_A_dataset_frame/outputs/frames_raw/short_head_left_file000_episode000161_frame030920_t1030667.jpg,task_A_dataset_frame/outputs/frames_selected/cvat_batch_001/short_head_left_file000_episode000161_frame030920_t1030667.jpg,stratified_coverage,hard_score=0.116637; brightness=0.582934; contrast=0.157743; edge_density=0.119115; sharpness=0.003719
28,short,head_left,file-000.mp4,168,32280,1076.000000,task_A_dataset_frame/outputs/frames_raw/short_head_left_file000_episode000168_frame032280_t1076000.jpg,task_A_dataset_frame/outputs/frames_selected/cvat_batch_001/short_head_left_file000_episode000168_frame032280_t1076000.jpg,stratified_coverage,hard_score=0.116343; brightness=0.578310; contrast=0.157254; edge_density=0.126250; sharpness=0.003634
29,short,head_left,file-000.mp4,170,32760,1092.000000,task_A_dataset_frame/outputs/frames_raw/short_head_left_file000_episode000170_frame032760_t1092000.jpg,task_A_dataset_frame/outputs/frames_selected/cvat_batch_001/short_head_left_file000_episode000170_frame032760_t1092000.jpg,stratified_coverage,hard_score=0.114380; brightness=0.566941; contrast=0.163513; edge_density=0.133437; sharpness=0.003786
30,short,head_left,file-000.mp4,175,33640,1121.333333,task_A_dataset_frame/outputs/frames_raw/short_head_left_file000_episode000175_frame033640_t1121333.jpg,task_A_dataset_frame/outputs/frames_selected/cvat_batch_001/short_head_left_file000_episode000175_frame033640_t1121333.jpg,stratified_coverage,hard_score=0.112998; brightness=0.566017; contrast=0.165586; edge_density=0.128646; sharpness=0.003803
31,short,head_left,file-000.mp4,180,34600,1153.333333,task_A_dataset_frame/outputs/frames_raw/short_head_left_file000_episode000180_frame034600_t1153333.jpg,task_A_dataset_frame/outputs/frames_selected/cvat_batch_001/short_head_left_file000_episode000180_frame034600_t1153333.jpg,stratified_coverage,hard_score=0.113974; brightness=0.572612; contrast=0.160423; edge_density=0.125208; sharpness=0.003768
32,short,head_left,file-000.mp4,182,35080,1169.333333,task_A_dataset_frame/outputs/frames_raw/short_head_left_file000_episode000182_frame035080_t1169333.jpg,task_A_dataset_frame/outputs/frames_selected/cvat_batch_001/short_head_left_file000_episode000182_frame035080_t1169333.jpg,stratified_coverage+visual_hard_candidate,hard_score=0.117290; brightness=0.583956; contrast=0.151748; edge_density=0.124583; sharpness=0.003653
33,short,head_left,file-000.mp4,187,35960,1198.666667,task_A_dataset_frame/outputs/frames_raw/short_head_left_file000_episode000187_frame035960_t1198667.jpg,task_A_dataset_frame/outputs/frames_selected/cvat_batch_001/short_head_left_file000_episode000187_frame035960_t1198667.jpg,stratified_coverage,hard_score=0.111534; brightness=0.571150; contrast=0.158460; edge_density=0.121146; sharpness=0.003722
34,short,head_left,file-000.mp4,194,37320,1244.000000,task_A_dataset_frame/outputs/frames_raw/short_head_left_file000_episode000194_frame037320_t1244000.jpg,task_A_dataset_frame/outputs/frames_selected/cvat_batch_001/short_head_left_file000_episode000194_frame037320_t1244000.jpg,stratified_coverage,hard_score=0.111735; brightness=0.568780; contrast=0.161629; edge_density=0.123125; sharpness=0.003769
35,short,head_left,file-000.mp4,199,38290,1276.333333,task_A_dataset_frame/outputs/frames_raw/short_head_left_file000_episode000199_frame038290_t1276333.jpg,task_A_dataset_frame/outputs/frames_selected/cvat_batch_001/short_head_left_file000_episode000199_frame038290_t1276333.jpg,stratified_coverage,hard_score=0.110922; brightness=0.573807; contrast=0.155887; edge_density=0.116823; sharpness=0.003692
36,short,head_left,file-000.mp4,204,39170,1305.666667,task_A_dataset_frame/outputs/frames_raw/short_head_left_file000_episode000204_frame039170_t1305667.jpg,task_A_dataset_frame/outputs/frames_selected/cvat_batch_001/short_head_left_file000_episode000204_frame039170_t1305667.jpg,stratified_coverage+visual_hard_candidate,hard_score=0.118294; brightness=0.585022; contrast=0.156820; edge_density=0.121927; sharpness=0.003634
37,short,head_left,file-000.mp4,207,39810,1327.000000,task_A_dataset_frame/outputs/frames_raw/short_head_left_file000_episode000207_frame039810_t1327000.jpg,task_A_dataset_frame/outputs/frames_selected/cvat_batch_001/short_head_left_file000_episode000207_frame039810_t1327000.jpg,stratified_coverage+visual_hard_candidate,hard_score=0.119487; brightness=0.587924; contrast=0.151413; edge_density=0.125573; sharpness=0.003607
38,short,head_left,file-000.mp4,213,41010,1367.000000,task_A_dataset_frame/outputs/frames_raw/short_head_left_file000_episode000213_frame041010_t1367000.jpg,task_A_dataset_frame/outputs/frames_selected/cvat_batch_001/short_head_left_file000_episode000213_frame041010_t1367000.jpg,stratified_coverage,hard_score=0.111339; brightness=0.571104; contrast=0.158147; edge_density=0.120833; sharpness=0.003561
39,short,head_left,file-000.mp4,218,41970,1399.000000,task_A_dataset_frame/outputs/frames_raw/short_head_left_file000_episode000218_frame041970_t1399000.jpg,task_A_dataset_frame/outputs/frames_selected/cvat_batch_001/short_head_left_file000_episode000218_frame041970_t1399000.jpg,stratified_coverage,hard_score=0.110873; brightness=0.574578; contrast=0.153898; edge_density=0.117031; sharpness=0.003551
40,short,head_left,file-000.mp4,223,42850,1428.333333,task_A_dataset_frame/outputs/frames_raw/short_head_left_file000_episode000223_frame042850_t1428333.jpg,task_A_dataset_frame/outputs/frames_selected/cvat_batch_001/short_head_left_file000_episode000223_frame042850_t1428333.jpg,stratified_coverage,hard_score=0.116073; brightness=0.573716; contrast=0.160547; edge_density=0.130260; sharpness=0.003843
41,short,head_left,file-000.mp4,228,43810,1460.333333,task_A_dataset_frame/outputs/frames_raw/short_head_left_file000_episode000228_frame043810_t1460333.jpg,task_A_dataset_frame/outputs/frames_selected/cvat_batch_001/short_head_left_file000_episode000228_frame043810_t1460333.jpg,stratified_coverage,hard_score=0.114919; brightness=0.579812; contrast=0.154052; edge_density=0.121667; sharpness=0.003625
42,short,head_left,file-000.mp4,232,44690,1489.666667,task_A_dataset_frame/outputs/frames_raw/short_head_left_file000_episode000232_frame044690_t1489667.jpg,task_A_dataset_frame/outputs/frames_selected/cvat_batch_001/short_head_left_file000_episode000232_frame044690_t1489667.jpg,stratified_coverage,hard_score=0.109735; brightness=0.563758; contrast=0.163736; edge_density=0.123073; sharpness=0.003713
43,short,head_left,file-000.mp4,235,45170,1505.666667,task_A_dataset_frame/outputs/frames_raw/short_head_left_file000_episode000235_frame045170_t1505667.jpg,task_A_dataset_frame/outputs/frames_selected/cvat_batch_001/short_head_left_file000_episode000235_frame045170_t1505667.jpg,stratified_coverage,hard_score=0.110864; brightness=0.562495; contrast=0.165467; edge_density=0.127500; sharpness=0.003836
44,short,head_left,file-000.mp4,239,45890,1529.666667,task_A_dataset_frame/outputs/frames_raw/short_head_left_file000_episode000239_frame045890_t1529667.jpg,task_A_dataset_frame/outputs/frames_selected/cvat_batch_001/short_head_left_file000_episode000239_frame045890_t1529667.jpg,stratified_coverage+visual_hard_candidate,hard_score=0.119689; brightness=0.583233; contrast=0.161414; edge_density=0.125729; sharpness=0.003795
45,short,head_left,file-000.mp4,244,47020,1567.333333,task_A_dataset_frame/outputs/frames_raw/short_head_left_file000_episode000244_frame047020_t1567333.jpg,task_A_dataset_frame/outputs/frames_selected/cvat_batch_001/short_head_left_file000_episode000244_frame047020_t1567333.jpg,stratified_coverage,hard_score=0.111673; brightness=0.583089; contrast=0.148325; edge_density=0.110156; sharpness=0.003134
46,short,head_left,file-000.mp4,254,48860,1628.666667,task_A_dataset_frame/outputs/frames_raw/short_head_left_file000_episode000254_frame048860_t1628667.jpg,task_A_dataset_frame/outputs/frames_selected/cvat_batch_001/short_head_left_file000_episode000254_frame048860_t1628667.jpg,stratified_coverage,hard_score=0.115306; brightness=0.571677; contrast=0.157431; edge_density=0.133698; sharpness=0.003683
47,short,head_left,file-000.mp4,259,49820,1660.666667,task_A_dataset_frame/outputs/frames_raw/short_head_left_file000_episode000259_frame049820_t1660667.jpg,task_A_dataset_frame/outputs/frames_selected/cvat_batch_001/short_head_left_file000_episode000259_frame049820_t1660667.jpg,stratified_coverage,hard_score=0.113720; brightness=0.575136; contrast=0.156795; edge_density=0.123177; sharpness=0.003567
48,short,head_left,file-000.mp4,266,51180,1706.000000,task_A_dataset_frame/outputs/frames_raw/short_head_left_file000_episode000266_frame051180_t1706000.jpg,task_A_dataset_frame/outputs/frames_selected/cvat_batch_001/short_head_left_file000_episode000266_frame051180_t1706000.jpg,stratified_coverage,hard_score=0.111325; brightness=0.571510; contrast=0.156655; edge_density=0.121354; sharpness=0.003498
49,short,head_left,file-000.mp4,271,52060,1735.333333,task_A_dataset_frame/outputs/frames_raw/short_head_left_file000_episode000271_frame052060_t1735333.jpg,task_A_dataset_frame/outputs/frames_selected/cvat_batch_001/short_head_left_file000_episode000271_frame052060_t1735333.jpg,stratified_coverage,hard_score=0.114689; brightness=0.575861; contrast=0.160221; edge_density=0.122344; sharpness=0.003910
50,short,head_left,file-000.mp4,276,53100,1770.000000,task_A_dataset_frame/outputs/frames_raw/short_head_left_file000_episode000276_frame053100_t1770000.jpg,task_A_dataset_frame/outputs/frames_selected/cvat_batch_001/short_head_left_file000_episode000276_frame053100_t1770000.jpg,stratified_coverage+visual_hard_candidate,hard_score=0.119852; brightness=0.584058; contrast=0.156982; edge_density=0.128594; sharpness=0.003482
51,short,head_left,file-000.mp4,283,54390,1813.000000,task_A_dataset_frame/outputs/frames_raw/short_head_left_file000_episode000283_frame054390_t1813000.jpg,task_A_dataset_frame/outputs/frames_selected/cvat_batch_001/short_head_left_file000_episode000283_frame054390_t1813000.jpg,stratified_coverage+visual_hard_candidate,hard_score=0.118138; brightness=0.586993; contrast=0.150818; edge_density=0.123125; sharpness=0.003515
52,short,head_left,file-000.mp4,288,55350,1845.000000,task_A_dataset_frame/outputs/frames_raw/short_head_left_file000_episode000288_frame055350_t1845000.jpg,task_A_dataset_frame/outputs/frames_selected/cvat_batch_001/short_head_left_file000_episode000288_frame055350_t1845000.jpg,stratified_coverage+visual_hard_candidate,hard_score=0.117528; brightness=0.578537; contrast=0.158912; edge_density=0.128438; sharpness=0.003830
53,short,head_left,file-000.mp4,292,56230,1874.333333,task_A_dataset_frame/outputs/frames_raw/short_head_left_file000_episode000292_frame056230_t1874333.jpg,task_A_dataset_frame/outputs/frames_selected/cvat_batch_001/short_head_left_file000_episode000292_frame056230_t1874333.jpg,stratified_coverage,hard_score=0.110994; brightness=0.575978; contrast=0.153395; edge_density=0.115521; sharpness=0.003447
54,short,head_left,file-000.mp4,295,56710,1890.333333,task_A_dataset_frame/outputs/frames_raw/short_head_left_file000_episode000295_frame056710_t1890333.jpg,task_A_dataset_frame/outputs/frames_selected/cvat_batch_001/short_head_left_file000_episode000295_frame056710_t1890333.jpg,stratified_coverage,hard_score=0.113948; brightness=0.575894; contrast=0.155317; edge_density=0.123906; sharpness=0.003656
55,short,head_left,file-000.mp4,299,57590,1919.666667,task_A_dataset_frame/outputs/frames_raw/short_head_left_file000_episode000299_frame057590_t1919667.jpg,task_A_dataset_frame/outputs/frames_selected/cvat_batch_001/short_head_left_file000_episode000299_frame057590_t1919667.jpg,stratified_coverage,hard_score=0.110423; brightness=0.586585; contrast=0.144898; edge_density=0.103021; sharpness=0.002987
56,short,head_left,file-000.mp4,304,58390,1946.333333,task_A_dataset_frame/outputs/frames_raw/short_head_left_file000_episode000304_frame058390_t1946333.jpg,task_A_dataset_frame/outputs/frames_selected/cvat_batch_001/short_head_left_file000_episode000304_frame058390_t1946333.jpg,stratified_coverage,hard_score=0.116878; brightness=0.573650; contrast=0.165089; edge_density=0.129271; sharpness=0.004151
57,short,head_left,file-001.mp4,307,480,16.000000,task_A_dataset_frame/outputs/frames_raw/short_head_left_file001_episode000307_frame000480_t016000.jpg,task_A_dataset_frame/outputs/frames_selected/cvat_batch_001/short_head_left_file001_episode000307_frame000480_t016000.jpg,stratified_coverage,hard_score=0.109339; brightness=0.564931; contrast=0.163743; edge_density=0.119792; sharpness=0.003536
58,short,head_left,file-001.mp4,312,1360,45.333333,task_A_dataset_frame/outputs/frames_raw/short_head_left_file001_episode000312_frame001360_t045333.jpg,task_A_dataset_frame/outputs/frames_selected/cvat_batch_001/short_head_left_file001_episode000312_frame001360_t045333.jpg,stratified_coverage,hard_score=0.115146; brightness=0.575826; contrast=0.161869; edge_density=0.122552; sharpness=0.003988
59,short,head_left,file-001.mp4,314,1840,61.333333,task_A_dataset_frame/outputs/frames_raw/short_head_left_file001_episode000314_frame001840_t061333.jpg,task_A_dataset_frame/outputs/frames_selected/cvat_batch_001/short_head_left_file001_episode000314_frame001840_t061333.jpg,stratified_coverage,hard_score=0.112000; brightness=0.575266; contrast=0.154779; edge_density=0.118906; sharpness=0.003631
60,short,head_left,file-001.mp4,319,2800,93.333333,task_A_dataset_frame/outputs/frames_raw/short_head_left_file001_episode000319_frame002800_t093333.jpg,task_A_dataset_frame/outputs/frames_selected/cvat_batch_001/short_head_left_file001_episode000319_frame002800_t093333.jpg,stratified_coverage,hard_score=0.110992; brightness=0.571347; contrast=0.157337; edge_density=0.119948; sharpness=0.003488
61,short,head_left,file-001.mp4,323,3520,117.333333,task_A_dataset_frame/outputs/frames_raw/short_head_left_file001_episode000323_frame003520_t117333.jpg,task_A_dataset_frame/outputs/frames_selected/cvat_batch_001/short_head_left_file001_episode000323_frame003520_t117333.jpg,stratified_coverage+visual_hard_candidate,hard_score=0.117396; brightness=0.590003; contrast=0.148765; edge_density=0.117344; sharpness=0.003530
62,short,head_left,file-001.mp4,326,4160,138.666667,task_A_dataset_frame/outputs/frames_raw/short_head_left_file001_episode000326_frame004160_t138667.jpg,task_A_dataset_frame/outputs/frames_selected/cvat_batch_001/short_head_left_file001_episode000326_frame004160_t138667.jpg,stratified_coverage,hard_score=0.110115; brightness=0.567811; contrast=0.158777; edge_density=0.121719; sharpness=0.003661
63,short,head_left,file-001.mp4,331,5050,168.333333,task_A_dataset_frame/outputs/frames_raw/short_head_left_file001_episode000331_frame005050_t168333.jpg,task_A_dataset_frame/outputs/frames_selected/cvat_batch_001/short_head_left_file001_episode000331_frame005050_t168333.jpg,stratified_coverage,hard_score=0.114303; brightness=0.583364; contrast=0.151983; edge_density=0.115417; sharpness=0.003533
64,short,head_left,file-001.mp4,338,6410,213.666667,task_A_dataset_frame/outputs/frames_raw/short_head_left_file001_episode000338_frame006410_t213667.jpg,task_A_dataset_frame/outputs/frames_selected/cvat_batch_001/short_head_left_file001_episode000338_frame006410_t213667.jpg,stratified_coverage+visual_hard_candidate,hard_score=0.118018; brightness=0.583562; contrast=0.155322; edge_density=0.124688; sharpness=0.003596
65,short,head_left,file-001.mp4,343,7370,245.666667,task_A_dataset_frame/outputs/frames_raw/short_head_left_file001_episode000343_frame007370_t245667.jpg,task_A_dataset_frame/outputs/frames_selected/cvat_batch_001/short_head_left_file001_episode000343_frame007370_t245667.jpg,stratified_coverage,hard_score=0.113715; brightness=0.573271; contrast=0.158194; edge_density=0.125104; sharpness=0.003700
66,short,head_left,file-001.mp4,349,8490,283.000000,task_A_dataset_frame/outputs/frames_raw/short_head_left_file001_episode000349_frame008490_t283000.jpg,task_A_dataset_frame/outputs/frames_selected/cvat_batch_001/short_head_left_file001_episode000349_frame008490_t283000.jpg,stratified_coverage+visual_hard_candidate,hard_score=0.119329; brightness=0.586703; contrast=0.152533; edge_density=0.126146; sharpness=0.003597
67,short,head_left,file-001.mp4,351,8890,296.333333,task_A_dataset_frame/outputs/frames_raw/short_head_left_file001_episode000351_frame008890_t296333.jpg,task_A_dataset_frame/outputs/frames_selected/cvat_batch_001/short_head_left_file001_episode000351_frame008890_t296333.jpg,stratified_coverage+visual_hard_candidate,hard_score=0.117476; brightness=0.570067; contrast=0.163018; edge_density=0.138958; sharpness=0.004002
68,short,head_left,file-001.mp4,353,9290,309.666667,task_A_dataset_frame/outputs/frames_raw/short_head_left_file001_episode000353_frame009290_t309667.jpg,task_A_dataset_frame/outputs/frames_selected/cvat_batch_001/short_head_left_file001_episode000353_frame009290_t309667.jpg,stratified_coverage+visual_hard_candidate,hard_score=0.120897; brightness=0.595358; contrast=0.148933; edge_density=0.119948; sharpness=0.003368
69,short,head_left,file-001.mp4,357,10170,339.000000,task_A_dataset_frame/outputs/frames_raw/short_head_left_file001_episode000357_frame010170_t339000.jpg,task_A_dataset_frame/outputs/frames_selected/cvat_batch_001/short_head_left_file001_episode000357_frame010170_t339000.jpg,stratified_coverage,hard_score=0.111416; brightness=0.588303; contrast=0.145247; edge_density=0.103177; sharpness=0.002993
70,short,head_left,file-001.mp4,365,11530,384.333333,task_A_dataset_frame/outputs/frames_raw/short_head_left_file001_episode000365_frame011530_t384333.jpg,task_A_dataset_frame/outputs/frames_selected/cvat_batch_001/short_head_left_file001_episode000365_frame011530_t384333.jpg,stratified_coverage,hard_score=0.115892; brightness=0.582377; contrast=0.157002; edge_density=0.118177; sharpness=0.003681
71,short,head_left,file-001.mp4,372,12900,430.000000,task_A_dataset_frame/outputs/frames_raw/short_head_left_file001_episode000372_frame012900_t430000.jpg,task_A_dataset_frame/outputs/frames_selected/cvat_batch_001/short_head_left_file001_episode000372_frame012900_t430000.jpg,stratified_coverage,hard_score=0.115493; brightness=0.581535; contrast=0.153839; edge_density=0.120885; sharpness=0.003575
72,short,head_left,file-001.mp4,376,13700,456.666667,task_A_dataset_frame/outputs/frames_raw/short_head_left_file001_episode000376_frame013700_t456667.jpg,task_A_dataset_frame/outputs/frames_selected/cvat_batch_001/short_head_left_file001_episode000376_frame013700_t456667.jpg,stratified_coverage+visual_hard_candidate,hard_score=0.118145; brightness=0.583818; contrast=0.155506; edge_density=0.124531; sharpness=0.003598
73,short,head_left,file-001.mp4,378,14100,470.000000,task_A_dataset_frame/outputs/frames_raw/short_head_left_file001_episode000378_frame014100_t470000.jpg,task_A_dataset_frame/outputs/frames_selected/cvat_batch_001/short_head_left_file001_episode000378_frame014100_t470000.jpg,stratified_coverage+visual_hard_candidate,hard_score=0.120625; brightness=0.584911; contrast=0.152492; edge_density=0.133490; sharpness=0.003613
74,short,head_left,file-001.mp4,381,14740,491.333333,task_A_dataset_frame/outputs/frames_raw/short_head_left_file001_episode000381_frame014740_t491333.jpg,task_A_dataset_frame/outputs/frames_selected/cvat_batch_001/short_head_left_file001_episode000381_frame014740_t491333.jpg,stratified_coverage+visual_hard_candidate,hard_score=0.117993; brightness=0.575046; contrast=0.162944; edge_density=0.132448; sharpness=0.003985
75,short,head_left,file-001.mp4,386,15700,523.333333,task_A_dataset_frame/outputs/frames_raw/short_head_left_file001_episode000386_frame015700_t523333.jpg,task_A_dataset_frame/outputs/frames_selected/cvat_batch_001/short_head_left_file001_episode000386_frame015700_t523333.jpg,stratified_coverage,hard_score=0.112766; brightness=0.572404; contrast=0.158380; edge_density=0.123229; sharpness=0.003761
76,short,head_left,file-001.mp4,391,16580,552.666667,task_A_dataset_frame/outputs/frames_raw/short_head_left_file001_episode000391_frame016580_t552667.jpg,task_A_dataset_frame/outputs/frames_selected/cvat_batch_001/short_head_left_file001_episode000391_frame016580_t552667.jpg,stratified_coverage,hard_score=0.112303; brightness=0.574535; contrast=0.155829; edge_density=0.120260; sharpness=0.003555
77,short,head_left,file-001.mp4,396,17540,584.666667,task_A_dataset_frame/outputs/frames_raw/short_head_left_file001_episode000396_frame017540_t584667.jpg,task_A_dataset_frame/outputs/frames_selected/cvat_batch_001/short_head_left_file001_episode000396_frame017540_t584667.jpg,stratified_coverage,hard_score=0.111055; brightness=0.571739; contrast=0.157930; edge_density=0.119010; sharpness=0.003501
78,short,head_left,file-001.mp4,400,18420,614.000000,task_A_dataset_frame/outputs/frames_raw/short_head_left_file001_episode000400_frame018420_t614000.jpg,task_A_dataset_frame/outputs/frames_selected/cvat_batch_001/short_head_left_file001_episode000400_frame018420_t614000.jpg,stratified_coverage,hard_score=0.112727; brightness=0.584032; contrast=0.147219; edge_density=0.113021; sharpness=0.003159
79,short,head_left,file-001.mp4,403,18900,630.000000,task_A_dataset_frame/outputs/frames_raw/short_head_left_file001_episode000403_frame018900_t630000.jpg,task_A_dataset_frame/outputs/frames_selected/cvat_batch_001/short_head_left_file001_episode000403_frame018900_t630000.jpg,stratified_coverage+visual_hard_candidate,hard_score=0.119136; brightness=0.596201; contrast=0.147331; edge_density=0.114010; sharpness=0.003148
80,short,head_left,file-001.mp4,410,20260,675.333333,task_A_dataset_frame/outputs/frames_raw/short_head_left_file001_episode000410_frame020260_t675333.jpg,task_A_dataset_frame/outputs/frames_selected/cvat_batch_001/short_head_left_file001_episode000410_frame020260_t675333.jpg,stratified_coverage,hard_score=0.113348; brightness=0.576632; contrast=0.156126; edge_density=0.120000; sharpness=0.003469
81,short,head_left,file-001.mp4,418,21710,723.666667,task_A_dataset_frame/outputs/frames_raw/short_head_left_file001_episode000418_frame021710_t723667.jpg,task_A_dataset_frame/outputs/frames_selected/cvat_batch_001/short_head_left_file001_episode000418_frame021710_t723667.jpg,stratified_coverage,hard_score=0.116083; brightness=0.577741; contrast=0.162100; edge_density=0.122292; sharpness=0.003940
82,short,head_left,file-001.mp4,422,22590,753.000000,task_A_dataset_frame/outputs/frames_raw/short_head_left_file001_episode000422_frame022590_t753000.jpg,task_A_dataset_frame/outputs/frames_selected/cvat_batch_001/short_head_left_file001_episode000422_frame022590_t753000.jpg,stratified_coverage,hard_score=0.112002; brightness=0.563212; contrast=0.164398; edge_density=0.130990; sharpness=0.003829
83,short,head_left,file-001.mp4,429,23950,798.333333,task_A_dataset_frame/outputs/frames_raw/short_head_left_file001_episode000429_frame023950_t798333.jpg,task_A_dataset_frame/outputs/frames_selected/cvat_batch_001/short_head_left_file001_episode000429_frame023950_t798333.jpg,stratified_coverage,hard_score=0.113546; brightness=0.572641; contrast=0.161649; edge_density=0.122708; sharpness=0.003692
84,short,head_left,file-001.mp4,437,25390,846.333333,task_A_dataset_frame/outputs/frames_raw/short_head_left_file001_episode000437_frame025390_t846333.jpg,task_A_dataset_frame/outputs/frames_selected/cvat_batch_001/short_head_left_file001_episode000437_frame025390_t846333.jpg,stratified_coverage,hard_score=0.115279; brightness=0.578762; contrast=0.154343; edge_density=0.124375; sharpness=0.003527
85,short,head_left,file-001.mp4,442,26350,878.333333,task_A_dataset_frame/outputs/frames_raw/short_head_left_file001_episode000442_frame026350_t878333.jpg,task_A_dataset_frame/outputs/frames_selected/cvat_batch_001/short_head_left_file001_episode000442_frame026350_t878333.jpg,stratified_coverage+visual_hard_candidate,hard_score=0.118698; brightness=0.578282; contrast=0.160350; edge_density=0.131562; sharpness=0.003913
86,short,head_left,file-001.mp4,447,27310,910.333333,task_A_dataset_frame/outputs/frames_raw/short_head_left_file001_episode000447_frame027310_t910333.jpg,task_A_dataset_frame/outputs/frames_selected/cvat_batch_001/short_head_left_file001_episode000447_frame027310_t910333.jpg,stratified_coverage+visual_hard_candidate,hard_score=0.119111; brightness=0.583243; contrast=0.155145; edge_density=0.129010; sharpness=0.003790
87,short,head_left,file-001.mp4,451,28110,937.000000,task_A_dataset_frame/outputs/frames_raw/short_head_left_file001_episode000451_frame028110_t937000.jpg,task_A_dataset_frame/outputs/frames_selected/cvat_batch_001/short_head_left_file001_episode000451_frame028110_t937000.jpg,stratified_coverage+visual_hard_candidate,hard_score=0.117980; brightness=0.575068; contrast=0.160474; edge_density=0.134427; sharpness=0.003782
88,short,head_left,file-001.mp4,458,29480,982.666667,task_A_dataset_frame/outputs/frames_raw/short_head_left_file001_episode000458_frame029480_t982667.jpg,task_A_dataset_frame/outputs/frames_selected/cvat_batch_001/short_head_left_file001_episode000458_frame029480_t982667.jpg,stratified_coverage,hard_score=0.112398; brightness=0.579635; contrast=0.153134; edge_density=0.114323; sharpness=0.003314
89,short,head_left,file-001.mp4,466,30920,1030.666667,task_A_dataset_frame/outputs/frames_raw/short_head_left_file001_episode000466_frame030920_t1030667.jpg,task_A_dataset_frame/outputs/frames_selected/cvat_batch_001/short_head_left_file001_episode000466_frame030920_t1030667.jpg,stratified_coverage+visual_hard_candidate,hard_score=0.117605; brightness=0.582868; contrast=0.157684; edge_density=0.122500; sharpness=0.003720
90,short,head_left,file-001.mp4,471,31880,1062.666667,task_A_dataset_frame/outputs/frames_raw/short_head_left_file001_episode000471_frame031880_t1062667.jpg,task_A_dataset_frame/outputs/frames_selected/cvat_batch_001/short_head_left_file001_episode000471_frame031880_t1062667.jpg,stratified_coverage+visual_hard_candidate,hard_score=0.117619; brightness=0.582548; contrast=0.157943; edge_density=0.122865; sharpness=0.003815
91,short,head_left,file-001.mp4,476,32920,1097.333333,task_A_dataset_frame/outputs/frames_raw/short_head_left_file001_episode000476_frame032920_t1097333.jpg,task_A_dataset_frame/outputs/frames_selected/cvat_batch_001/short_head_left_file001_episode000476_frame032920_t1097333.jpg,stratified_coverage+visual_hard_candidate,hard_score=0.118483; brightness=0.578987; contrast=0.159395; edge_density=0.130469; sharpness=0.003618
92,short,head_left,file-001.mp4,481,33800,1126.666667,task_A_dataset_frame/outputs/frames_raw/short_head_left_file001_episode000481_frame033800_t1126667.jpg,task_A_dataset_frame/outputs/frames_selected/cvat_batch_001/short_head_left_file001_episode000481_frame033800_t1126667.jpg,stratified_coverage+visual_hard_candidate,hard_score=0.117957; brightness=0.582663; contrast=0.158379; edge_density=0.123438; sharpness=0.003804
93,short,head_left,file-001.mp4,486,34760,1158.666667,task_A_dataset_frame/outputs/frames_raw/short_head_left_file001_episode000486_frame034760_t1158667.jpg,task_A_dataset_frame/outputs/frames_selected/cvat_batch_001/short_head_left_file001_episode000486_frame034760_t1158667.jpg,stratified_coverage+visual_hard_candidate,hard_score=0.117608; brightness=0.583716; contrast=0.155313; edge_density=0.123073; sharpness=0.003671
94,short,head_left,file-001.mp4,492,35960,1198.666667,task_A_dataset_frame/outputs/frames_raw/short_head_left_file001_episode000492_frame035960_t1198667.jpg,task_A_dataset_frame/outputs/frames_selected/cvat_batch_001/short_head_left_file001_episode000492_frame035960_t1198667.jpg,stratified_coverage,hard_score=0.113408; brightness=0.568254; contrast=0.161685; edge_density=0.129531; sharpness=0.003940
95,short,head_left,file-001.mp4,496,36840,1228.000000,task_A_dataset_frame/outputs/frames_raw/short_head_left_file001_episode000496_frame036840_t1228000.jpg,task_A_dataset_frame/outputs/frames_selected/cvat_batch_001/short_head_left_file001_episode000496_frame036840_t1228000.jpg,stratified_coverage,hard_score=0.113145; brightness=0.581986; contrast=0.149796; edge_density=0.115677; sharpness=0.003439
96,short,head_left,file-001.mp4,503,38050,1268.333333,task_A_dataset_frame/outputs/frames_raw/short_head_left_file001_episode000503_frame038050_t1268333.jpg,task_A_dataset_frame/outputs/frames_selected/cvat_batch_001/short_head_left_file001_episode000503_frame038050_t1268333.jpg,stratified_coverage+visual_hard_candidate,hard_score=0.119765; brightness=0.581166; contrast=0.156729; edge_density=0.133333; sharpness=0.003803
97,short,head_left,file-001.mp4,504,38290,1276.333333,task_A_dataset_frame/outputs/frames_raw/short_head_left_file001_episode000504_frame038290_t1276333.jpg,task_A_dataset_frame/outputs/frames_selected/cvat_batch_001/short_head_left_file001_episode000504_frame038290_t1276333.jpg,stratified_coverage,hard_score=0.114119; brightness=0.571047; contrast=0.160258; edge_density=0.128438; sharpness=0.003847
98,short,head_left,file-001.mp4,511,39650,1321.666667,task_A_dataset_frame/outputs/frames_raw/short_head_left_file001_episode000511_frame039650_t1321667.jpg,task_A_dataset_frame/outputs/frames_selected/cvat_batch_001/short_head_left_file001_episode000511_frame039650_t1321667.jpg,stratified_coverage,hard_score=0.116548; brightness=0.574443; contrast=0.160308; edge_density=0.130833; sharpness=0.003582
99,short,head_left,file-001.mp4,516,40610,1353.666667,task_A_dataset_frame/outputs/frames_raw/short_head_left_file001_episode000516_frame040610_t1353667.jpg,task_A_dataset_frame/outputs/frames_selected/cvat_batch_001/short_head_left_file001_episode000516_frame040610_t1353667.jpg,stratified_coverage,hard_score=0.110478; brightness=0.569616; contrast=0.159555; edge_density=0.119271; sharpness=0.003476
100,short,head_left,file-001.mp4,519,41090,1369.666667,task_A_dataset_frame/outputs/frames_raw/short_head_left_file001_episode000519_frame041090_t1369667.jpg,task_A_dataset_frame/outputs/frames_selected/cvat_batch_001/short_head_left_file001_episode000519_frame041090_t1369667.jpg,stratified_coverage+visual_hard_candidate,hard_score=0.118452; brightness=0.584293; contrast=0.155908; edge_density=0.124427; sharpness=0.003628
101,short,head_left,file-001.mp4,523,41970,1399.000000,task_A_dataset_frame/outputs/frames_raw/short_head_left_file001_episode000523_frame041970_t1399000.jpg,task_A_dataset_frame/outputs/frames_selected/cvat_batch_001/short_head_left_file001_episode000523_frame041970_t1399000.jpg,stratified_coverage,hard_score=0.110909; brightness=0.563406; contrast=0.163200; edge_density=0.128021; sharpness=0.003777
102,short,head_left,file-001.mp4,528,42850,1428.333333,task_A_dataset_frame/outputs/frames_raw/short_head_left_file001_episode000528_frame042850_t1428333.jpg,task_A_dataset_frame/outputs/frames_selected/cvat_batch_001/short_head_left_file001_episode000528_frame042850_t1428333.jpg,stratified_coverage,hard_score=0.115624; brightness=0.582244; contrast=0.152944; edge_density=0.120885; sharpness=0.003565
103,short,head_left,file-001.mp4,531,43490,1449.666667,task_A_dataset_frame/outputs/frames_raw/short_head_left_file001_episode000531_frame043490_t1449667.jpg,task_A_dataset_frame/outputs/frames_selected/cvat_batch_001/short_head_left_file001_episode000531_frame043490_t1449667.jpg,stratified_coverage+visual_hard_candidate,hard_score=0.117776; brightness=0.583143; contrast=0.154693; edge_density=0.125104; sharpness=0.003598
104,short,head_left,file-001.mp4,535,44290,1476.333333,task_A_dataset_frame/outputs/frames_raw/short_head_left_file001_episode000535_frame044290_t1476333.jpg,task_A_dataset_frame/outputs/frames_selected/cvat_batch_001/short_head_left_file001_episode000535_frame044290_t1476333.jpg,stratified_coverage,hard_score=0.110358; brightness=0.568104; contrast=0.157911; edge_density=0.122760; sharpness=0.003679
105,short,head_left,file-001.mp4,540,45170,1505.666667,task_A_dataset_frame/outputs/frames_raw/short_head_left_file001_episode000540_frame045170_t1505667.jpg,task_A_dataset_frame/outputs/frames_selected/cvat_batch_001/short_head_left_file001_episode000540_frame045170_t1505667.jpg,stratified_coverage,hard_score=0.112455; brightness=0.573756; contrast=0.155621; edge_density=0.122240; sharpness=0.003749
106,short,head_left,file-001.mp4,545,46140,1538.000000,task_A_dataset_frame/outputs/frames_raw/short_head_left_file001_episode000545_frame046140_t1538000.jpg,task_A_dataset_frame/outputs/frames_selected/cvat_batch_001/short_head_left_file001_episode000545_frame046140_t1538000.jpg,stratified_coverage,hard_score=0.111833; brightness=0.566874; contrast=0.161897; edge_density=0.126406; sharpness=0.003739
107,short,head_left,file-001.mp4,549,47020,1567.333333,task_A_dataset_frame/outputs/frames_raw/short_head_left_file001_episode000549_frame047020_t1567333.jpg,task_A_dataset_frame/outputs/frames_selected/cvat_batch_001/short_head_left_file001_episode000549_frame047020_t1567333.jpg,stratified_coverage,hard_score=0.113176; brightness=0.583368; contrast=0.149404; edge_density=0.113802; sharpness=0.003321
108,short,head_left,file-001.mp4,552,47500,1583.333333,task_A_dataset_frame/outputs/frames_raw/short_head_left_file001_episode000552_frame047500_t1583333.jpg,task_A_dataset_frame/outputs/frames_selected/cvat_batch_001/short_head_left_file001_episode000552_frame047500_t1583333.jpg,stratified_coverage,hard_score=0.112928; brightness=0.575988; contrast=0.155299; edge_density=0.120365; sharpness=0.003540
109,short,head_left,file-001.mp4,559,48860,1628.666667,task_A_dataset_frame/outputs/frames_raw/short_head_left_file001_episode000559_frame048860_t1628667.jpg,task_A_dataset_frame/outputs/frames_selected/cvat_batch_001/short_head_left_file001_episode000559_frame048860_t1628667.jpg,stratified_coverage,hard_score=0.112955; brightness=0.578958; contrast=0.153090; edge_density=0.117344; sharpness=0.003381
110,short,head_left,file-001.mp4,565,49980,1666.000000,task_A_dataset_frame/outputs/frames_raw/short_head_left_file001_episode000565_frame049980_t1666000.jpg,task_A_dataset_frame/outputs/frames_selected/cvat_batch_001/short_head_left_file001_episode000565_frame049980_t1666000.jpg,stratified_coverage+visual_hard_candidate,hard_score=0.117829; brightness=0.581047; contrast=0.157098; edge_density=0.126771; sharpness=0.003737
111,short,head_left,file-001.mp4,571,51180,1706.000000,task_A_dataset_frame/outputs/frames_raw/short_head_left_file001_episode000571_frame051180_t1706000.jpg,task_A_dataset_frame/outputs/frames_selected/cvat_batch_001/short_head_left_file001_episode000571_frame051180_t1706000.jpg,stratified_coverage,hard_score=0.110496; brightness=0.573080; contrast=0.154763; edge_density=0.117552; sharpness=0.003406
112,short,head_left,file-001.mp4,578,52540,1751.333333,task_A_dataset_frame/outputs/frames_raw/short_head_left_file001_episode000578_frame052540_t1751333.jpg,task_A_dataset_frame/outputs/frames_selected/cvat_batch_001/short_head_left_file001_episode000578_frame052540_t1751333.jpg,stratified_coverage,hard_score=0.110283; brightness=0.568799; contrast=0.157911; edge_density=0.121354; sharpness=0.003655
113,short,head_left,file-001.mp4,585,53900,1796.666667,task_A_dataset_frame/outputs/frames_raw/short_head_left_file001_episode000585_frame053900_t1796667.jpg,task_A_dataset_frame/outputs/frames_selected/cvat_batch_001/short_head_left_file001_episode000585_frame053900_t1796667.jpg,stratified_coverage,hard_score=0.109342; brightness=0.562798; contrast=0.164836; edge_density=0.122448; sharpness=0.003652
114,short,head_left,file-001.mp4,593,55350,1845.000000,task_A_dataset_frame/outputs/frames_raw/short_head_left_file001_episode000593_frame055350_t1845000.jpg,task_A_dataset_frame/outputs/frames_selected/cvat_batch_001/short_head_left_file001_episode000593_frame055350_t1845000.jpg,stratified_coverage,hard_score=0.112070; brightness=0.572404; contrast=0.156909; edge_density=0.122135; sharpness=0.003662
115,short,head_left,file-001.mp4,597,56150,1871.666667,task_A_dataset_frame/outputs/frames_raw/short_head_left_file001_episode000597_frame056150_t1871667.jpg,task_A_dataset_frame/outputs/frames_selected/cvat_batch_001/short_head_left_file001_episode000597_frame056150_t1871667.jpg,stratified_coverage+visual_hard_candidate,hard_score=0.117910; brightness=0.574651; contrast=0.159899; edge_density=0.135365; sharpness=0.003783
116,short,head_left,file-001.mp4,602,57190,1906.333333,task_A_dataset_frame/outputs/frames_raw/short_head_left_file001_episode000602_frame057190_t1906333.jpg,task_A_dataset_frame/outputs/frames_selected/cvat_batch_001/short_head_left_file001_episode000602_frame057190_t1906333.jpg,stratified_coverage,hard_score=0.110826; brightness=0.577066; contrast=0.152674; edge_density=0.113750; sharpness=0.003312
117,short,head_left,file-001.mp4,607,58070,1935.666667,task_A_dataset_frame/outputs/frames_raw/short_head_left_file001_episode000607_frame058070_t1935667.jpg,task_A_dataset_frame/outputs/frames_selected/cvat_batch_001/short_head_left_file001_episode000607_frame058070_t1935667.jpg,stratified_coverage,hard_score=0.114622; brightness=0.579163; contrast=0.154034; edge_density=0.121771; sharpness=0.003396
118,short,head_left,file-002.mp4,612,480,16.000000,task_A_dataset_frame/outputs/frames_raw/short_head_left_file002_episode000612_frame000480_t016000.jpg,task_A_dataset_frame/outputs/frames_selected/cvat_batch_001/short_head_left_file002_episode000612_frame000480_t016000.jpg,stratified_coverage,hard_score=0.112581; brightness=0.567177; contrast=0.161843; edge_density=0.128438; sharpness=0.003674
119,short,head_left,file-002.mp4,617,1360,45.333333,task_A_dataset_frame/outputs/frames_raw/short_head_left_file002_episode000617_frame001360_t045333.jpg,task_A_dataset_frame/outputs/frames_selected/cvat_batch_001/short_head_left_file002_episode000617_frame001360_t045333.jpg,stratified_coverage,hard_score=0.114956; brightness=0.576336; contrast=0.159528; edge_density=0.123021; sharpness=0.003821
120,short,head_left,file-002.mp4,622,2320,77.333333,task_A_dataset_frame/outputs/frames_raw/short_head_left_file002_episode000622_frame002320_t077333.jpg,task_A_dataset_frame/outputs/frames_selected/cvat_batch_001/short_head_left_file002_episode000622_frame002320_t077333.jpg,stratified_coverage,hard_score=0.116209; brightness=0.581007; contrast=0.158011; edge_density=0.120677; sharpness=0.003844
121,short,head_left,file-002.mp4,635,4810,160.333333,task_A_dataset_frame/outputs/frames_raw/short_head_left_file002_episode000635_frame004810_t160333.jpg,task_A_dataset_frame/outputs/frames_selected/cvat_batch_001/short_head_left_file002_episode000635_frame004810_t160333.jpg,stratified_coverage+visual_hard_candidate,hard_score=0.117560; brightness=0.581847; contrast=0.158107; edge_density=0.123698; sharpness=0.003780
122,short,head_left,file-002.mp4,638,5530,184.333333,task_A_dataset_frame/outputs/frames_raw/short_head_left_file002_episode000638_frame005530_t184333.jpg,task_A_dataset_frame/outputs/frames_selected/cvat_batch_001/short_head_left_file002_episode000638_frame005530_t184333.jpg,stratified_coverage,hard_score=0.113026; brightness=0.580034; contrast=0.151162; edge_density=0.117396; sharpness=0.003398
123,short,head_left,file-002.mp4,645,6890,229.666667,task_A_dataset_frame/outputs/frames_raw/short_head_left_file002_episode000645_frame006890_t229667.jpg,task_A_dataset_frame/outputs/frames_selected/cvat_batch_001/short_head_left_file002_episode000645_frame006890_t229667.jpg,stratified_coverage,hard_score=0.112315; brightness=0.582670; contrast=0.148169; edge_density=0.113125; sharpness=0.003221
124,short,head_left,file-002.mp4,650,7850,261.666667,task_A_dataset_frame/outputs/frames_raw/short_head_left_file002_episode000650_frame007850_t261667.jpg,task_A_dataset_frame/outputs/frames_selected/cvat_batch_001/short_head_left_file002_episode000650_frame007850_t261667.jpg,stratified_coverage,hard_score=0.112638; brightness=0.582448; contrast=0.149471; edge_density=0.113490; sharpness=0.003366
125,short,head_left,file-002.mp4,657,9210,307.000000,task_A_dataset_frame/outputs/frames_raw/short_head_left_file002_episode000657_frame009210_t307000.jpg,task_A_dataset_frame/outputs/frames_selected/cvat_batch_001/short_head_left_file002_episode000657_frame009210_t307000.jpg,stratified_coverage,hard_score=0.110978; brightness=0.584554; contrast=0.144741; edge_density=0.108385; sharpness=0.003153
126,short,head_left,file-002.mp4,665,10570,352.333333,task_A_dataset_frame/outputs/frames_raw/short_head_left_file002_episode000665_frame010570_t352333.jpg,task_A_dataset_frame/outputs/frames_selected/cvat_batch_001/short_head_left_file002_episode000665_frame010570_t352333.jpg,stratified_coverage,hard_score=0.117068; brightness=0.581042; contrast=0.158315; edge_density=0.123229; sharpness=0.003729
127,short,head_left,file-002.mp4,672,12010,400.333333,task_A_dataset_frame/outputs/frames_raw/short_head_left_file002_episode000672_frame012010_t400333.jpg,task_A_dataset_frame/outputs/frames_selected/cvat_batch_001/short_head_left_file002_episode000672_frame012010_t400333.jpg,stratified_coverage,hard_score=0.113673; brightness=0.571831; contrast=0.158405; edge_density=0.127188; sharpness=0.003715
128,short,head_left,file-002.mp4,678,13060,435.333333,task_A_dataset_frame/outputs/frames_raw/short_head_left_file002_episode000678_frame013060_t435333.jpg,task_A_dataset_frame/outputs/frames_selected/cvat_batch_001/short_head_left_file002_episode000678_frame013060_t435333.jpg,stratified_coverage+visual_hard_candidate,hard_score=0.117852; brightness=0.584426; contrast=0.156432; edge_density=0.121771; sharpness=0.003669
129,short,head_left,file-002.mp4,683,14020,467.333333,task_A_dataset_frame/outputs/frames_raw/short_head_left_file002_episode000683_frame014020_t467333.jpg,task_A_dataset_frame/outputs/frames_selected/cvat_batch_001/short_head_left_file002_episode000683_frame014020_t467333.jpg,stratified_coverage+visual_hard_candidate,hard_score=0.118154; brightness=0.584263; contrast=0.156654; edge_density=0.122865; sharpness=0.003656
130,short,head_left,file-002.mp4,688,14980,499.333333,task_A_dataset_frame/outputs/frames_raw/short_head_left_file002_episode000688_frame014980_t499333.jpg,task_A_dataset_frame/outputs/frames_selected/cvat_batch_001/short_head_left_file002_episode000688_frame014980_t499333.jpg,stratified_coverage+visual_hard_candidate,hard_score=0.117942; brightness=0.583986; contrast=0.157108; edge_density=0.122240; sharpness=0.003690
131,short,head_left,file-002.mp4,693,15940,531.333333,task_A_dataset_frame/outputs/frames_raw/short_head_left_file002_episode000693_frame015940_t531333.jpg,task_A_dataset_frame/outputs/frames_selected/cvat_batch_001/short_head_left_file002_episode000693_frame015940_t531333.jpg,stratified_coverage+visual_hard_candidate,hard_score=0.118248; brightness=0.584550; contrast=0.156516; edge_density=0.122813; sharpness=0.003609
132,short,head_left,file-002.mp4,698,16900,563.333333,task_A_dataset_frame/outputs/frames_raw/short_head_left_file002_episode000698_frame016900_t563333.jpg,task_A_dataset_frame/outputs/frames_selected/cvat_batch_001/short_head_left_file002_episode000698_frame016900_t563333.jpg,stratified_coverage+visual_hard_candidate,hard_score=0.119275; brightness=0.584185; contrast=0.156856; edge_density=0.126562; sharpness=0.003715
133,short,head_left,file-002.mp4,699,17220,574.000000,task_A_dataset_frame/outputs/frames_raw/short_head_left_file002_episode000699_frame017220_t574000.jpg,task_A_dataset_frame/outputs/frames_selected/cvat_batch_001/short_head_left_file002_episode000699_frame017220_t574000.jpg,stratified_coverage+visual_hard_candidate,hard_score=0.119673; brightness=0.584958; contrast=0.152777; edge_density=0.130000; sharpness=0.003689
134,short,head_left,file-002.mp4,705,18420,614.000000,task_A_dataset_frame/outputs/frames_raw/short_head_left_file002_episode000705_frame018420_t614000.jpg,task_A_dataset_frame/outputs/frames_selected/cvat_batch_001/short_head_left_file002_episode000705_frame018420_t614000.jpg,stratified_coverage,hard_score=0.112957; brightness=0.588207; contrast=0.147287; edge_density=0.106771; sharpness=0.003135
135,short,head_left,file-002.mp4,709,19060,635.333333,task_A_dataset_frame/outputs/frames_raw/short_head_left_file002_episode000709_frame019060_t635333.jpg,task_A_dataset_frame/outputs/frames_selected/cvat_batch_001/short_head_left_file002_episode000709_frame019060_t635333.jpg,stratified_coverage+visual_hard_candidate,hard_score=0.117830; brightness=0.573990; contrast=0.162652; edge_density=0.133906; sharpness=0.003979
136,short,head_left,file-002.mp4,713,19860,662.000000,task_A_dataset_frame/outputs/frames_raw/short_head_left_file002_episode000713_frame019860_t662000.jpg,task_A_dataset_frame/outputs/frames_selected/cvat_batch_001/short_head_left_file002_episode000713_frame019860_t662000.jpg,stratified_coverage,hard_score=0.109524; brightness=0.567541; contrast=0.161386; edge_density=0.118021; sharpness=0.003430
137,short,head_left,file-002.mp4,720,21150,705.000000,task_A_dataset_frame/outputs/frames_raw/short_head_left_file002_episode000720_frame021150_t705000.jpg,task_A_dataset_frame/outputs/frames_selected/cvat_batch_001/short_head_left_file002_episode000720_frame021150_t705000.jpg,stratified_coverage,hard_score=0.117130; brightness=0.577341; contrast=0.161337; edge_density=0.127083; sharpness=0.003865
138,short,head_left,file-002.mp4,723,21790,726.333333,task_A_dataset_frame/outputs/frames_raw/short_head_left_file002_episode000723_frame021790_t726333.jpg,task_A_dataset_frame/outputs/frames_selected/cvat_batch_001/short_head_left_file002_episode000723_frame021790_t726333.jpg,stratified_coverage,hard_score=0.116732; brightness=0.574950; contrast=0.159528; edge_density=0.131250; sharpness=0.003601
139,short,head_left,file-002.mp4,730,23070,769.000000,task_A_dataset_frame/outputs/frames_raw/short_head_left_file002_episode000730_frame023070_t769000.jpg,task_A_dataset_frame/outputs/frames_selected/cvat_batch_001/short_head_left_file002_episode000730_frame023070_t769000.jpg,stratified_coverage,hard_score=0.111958; brightness=0.562779; contrast=0.169335; edge_density=0.127448; sharpness=0.003838
140,short,head_left,file-002.mp4,734,23950,798.333333,task_A_dataset_frame/outputs/frames_raw/short_head_left_file002_episode000734_frame023950_t798333.jpg,task_A_dataset_frame/outputs/frames_selected/cvat_batch_001/short_head_left_file002_episode000734_frame023950_t798333.jpg,stratified_coverage,hard_score=0.110909; brightness=0.563364; contrast=0.164095; edge_density=0.127344; sharpness=0.003871
141,short,head_left,file-002.mp4,742,25390,846.333333,task_A_dataset_frame/outputs/frames_raw/short_head_left_file002_episode000742_frame025390_t846333.jpg,task_A_dataset_frame/outputs/frames_selected/cvat_batch_001/short_head_left_file002_episode000742_frame025390_t846333.jpg,stratified_coverage,hard_score=0.115146; brightness=0.583210; contrast=0.150851; edge_density=0.119427; sharpness=0.003597
142,short,head_left,file-002.mp4,746,26190,873.000000,task_A_dataset_frame/outputs/frames_raw/short_head_left_file002_episode000746_frame026190_t873000.jpg,task_A_dataset_frame/outputs/frames_selected/cvat_batch_001/short_head_left_file002_episode000746_frame026190_t873000.jpg,stratified_coverage+visual_hard_candidate,hard_score=0.118965; brightness=0.584096; contrast=0.155856; edge_density=0.126510; sharpness=0.003462
143,short,head_left,file-002.mp4,751,27230,907.666667,task_A_dataset_frame/outputs/frames_raw/short_head_left_file002_episode000751_frame027230_t907667.jpg,task_A_dataset_frame/outputs/frames_selected/cvat_batch_001/short_head_left_file002_episode000751_frame027230_t907667.jpg,stratified_coverage,hard_score=0.114057; brightness=0.581929; contrast=0.149997; edge_density=0.118646; sharpness=0.003429
144,short,head_left,file-002.mp4,761,29070,969.000000,task_A_dataset_frame/outputs/frames_raw/short_head_left_file002_episode000761_frame029070_t969000.jpg,task_A_dataset_frame/outputs/frames_selected/cvat_batch_001/short_head_left_file002_episode000761_frame029070_t969000.jpg,stratified_coverage,hard_score=0.113486; brightness=0.571583; contrast=0.159404; edge_density=0.126146; sharpness=0.003795
145,short,head_left,file-002.mp4,766,29960,998.666667,task_A_dataset_frame/outputs/frames_raw/short_head_left_file002_episode000766_frame029960_t998667.jpg,task_A_dataset_frame/outputs/frames_selected/cvat_batch_001/short_head_left_file002_episode000766_frame029960_t998667.jpg,stratified_coverage+visual_hard_candidate,hard_score=0.117868; brightness=0.581671; contrast=0.157690; edge_density=0.125365; sharpness=0.003791
146,short,head_left,file-002.mp4,773,31320,1044.000000,task_A_dataset_frame/outputs/frames_raw/short_head_left_file002_episode000773_frame031320_t1044000.jpg,task_A_dataset_frame/outputs/frames_selected/cvat_batch_001/short_head_left_file002_episode000773_frame031320_t1044000.jpg,stratified_coverage,hard_score=0.116680; brightness=0.572219; contrast=0.166284; edge_density=0.130000; sharpness=0.004051
147,short,head_left,file-002.mp4,778,32360,1078.666667,task_A_dataset_frame/outputs/frames_raw/short_head_left_file002_episode000778_frame032360_t1078667.jpg,task_A_dataset_frame/outputs/frames_selected/cvat_batch_001/short_head_left_file002_episode000778_frame032360_t1078667.jpg,stratified_coverage+visual_hard_candidate,hard_score=0.119052; brightness=0.585116; contrast=0.152536; edge_density=0.127865; sharpness=0.003402
148,short,head_left,file-002.mp4,782,33160,1105.333333,task_A_dataset_frame/outputs/frames_raw/short_head_left_file002_episode000782_frame033160_t1105333.jpg,task_A_dataset_frame/outputs/frames_selected/cvat_batch_001/short_head_left_file002_episode000782_frame033160_t1105333.jpg,stratified_coverage,hard_score=0.110535; brightness=0.567949; contrast=0.159054; edge_density=0.122656; sharpness=0.003785
149,short,head_left,file-002.mp4,790,34600,1153.333333,task_A_dataset_frame/outputs/frames_raw/short_head_left_file002_episode000790_frame034600_t1153333.jpg,task_A_dataset_frame/outputs/frames_selected/cvat_batch_001/short_head_left_file002_episode000790_frame034600_t1153333.jpg,stratified_coverage,hard_score=0.116688; brightness=0.580806; contrast=0.153766; edge_density=0.126146; sharpness=0.003542
150,short,head_left,file-002.mp4,794,35480,1182.666667,task_A_dataset_frame/outputs/frames_raw/short_head_left_file002_episode000794_frame035480_t1182667.jpg,task_A_dataset_frame/outputs/frames_selected/cvat_batch_001/short_head_left_file002_episode000794_frame035480_t1182667.jpg,stratified_coverage,hard_score=0.112074; brightness=0.572973; contrast=0.158286; edge_density=0.120052; sharpness=0.003670
151,short,head_left,file-002.mp4,799,36440,1214.666667,task_A_dataset_frame/outputs/frames_raw/short_head_left_file002_episode000799_frame036440_t1214667.jpg,task_A_dataset_frame/outputs/frames_selected/cvat_batch_001/short_head_left_file002_episode000799_frame036440_t1214667.jpg,stratified_coverage,hard_score=0.112914; brightness=0.572740; contrast=0.158551; edge_density=0.123021; sharpness=0.003760
152,short,head_left,file-002.mp4,804,37320,1244.000000,task_A_dataset_frame/outputs/frames_raw/short_head_left_file002_episode000804_frame037320_t1244000.jpg,task_A_dataset_frame/outputs/frames_selected/cvat_batch_001/short_head_left_file002_episode000804_frame037320_t1244000.jpg,stratified_coverage,hard_score=0.115036; brightness=0.570746; contrast=0.160839; edge_density=0.131510; sharpness=0.003894
153,short,head_left,file-002.mp4,809,38290,1276.333333,task_A_dataset_frame/outputs/frames_raw/short_head_left_file002_episode000809_frame038290_t1276333.jpg,task_A_dataset_frame/outputs/frames_selected/cvat_batch_001/short_head_left_file002_episode000809_frame038290_t1276333.jpg,stratified_coverage,hard_score=0.116797; brightness=0.572274; contrast=0.161077; edge_density=0.134635; sharpness=0.003857
154,short,head_left,file-002.mp4,815,39410,1313.666667,task_A_dataset_frame/outputs/frames_raw/short_head_left_file002_episode000815_frame039410_t1313667.jpg,task_A_dataset_frame/outputs/frames_selected/cvat_batch_001/short_head_left_file002_episode000815_frame039410_t1313667.jpg,stratified_coverage+visual_hard_candidate,hard_score=0.117738; brightness=0.570069; contrast=0.163814; edge_density=0.139167; sharpness=0.004056
155,short,head_left,file-002.mp4,821,40610,1353.666667,task_A_dataset_frame/outputs/frames_raw/short_head_left_file002_episode000821_frame040610_t1353667.jpg,task_A_dataset_frame/outputs/frames_selected/cvat_batch_001/short_head_left_file002_episode000821_frame040610_t1353667.jpg,stratified_coverage,hard_score=0.108739; brightness=0.568997; contrast=0.160273; edge_density=0.113906; sharpness=0.003643
156,short,head_left,file-002.mp4,826,41490,1383.000000,task_A_dataset_frame/outputs/frames_raw/short_head_left_file002_episode000826_frame041490_t1383000.jpg,task_A_dataset_frame/outputs/frames_selected/cvat_batch_001/short_head_left_file002_episode000826_frame041490_t1383000.jpg,stratified_coverage,hard_score=0.114006; brightness=0.572328; contrast=0.164869; edge_density=0.122083; sharpness=0.003997
157,short,head_left,file-002.mp4,830,42290,1409.666667,task_A_dataset_frame/outputs/frames_raw/short_head_left_file002_episode000830_frame042290_t1409667.jpg,task_A_dataset_frame/outputs/frames_selected/cvat_batch_001/short_head_left_file002_episode000830_frame042290_t1409667.jpg,stratified_coverage+visual_hard_candidate,hard_score=0.118600; brightness=0.578114; contrast=0.160235; edge_density=0.131615; sharpness=0.003958
158,short,head_left,file-002.mp4,834,43010,1433.666667,task_A_dataset_frame/outputs/frames_raw/short_head_left_file002_episode000834_frame043010_t1433667.jpg,task_A_dataset_frame/outputs/frames_selected/cvat_batch_001/short_head_left_file002_episode000834_frame043010_t1433667.jpg,stratified_coverage+visual_hard_candidate,hard_score=0.118621; brightness=0.582379; contrast=0.161225; edge_density=0.123750; sharpness=0.003713
159,short,head_left,file-002.mp4,838,43810,1460.333333,task_A_dataset_frame/outputs/frames_raw/short_head_left_file002_episode000838_frame043810_t1460333.jpg,task_A_dataset_frame/outputs/frames_selected/cvat_batch_001/short_head_left_file002_episode000838_frame043810_t1460333.jpg,stratified_coverage,hard_score=0.114527; brightness=0.581274; contrast=0.151747; edge_density=0.119844; sharpness=0.003557
160,short,head_left,file-002.mp4,841,44370,1479.000000,task_A_dataset_frame/outputs/frames_raw/short_head_left_file002_episode000841_frame044370_t1479000.jpg,task_A_dataset_frame/outputs/frames_selected/cvat_batch_001/short_head_left_file002_episode000841_frame044370_t1479000.jpg,stratified_coverage,hard_score=0.116653; brightness=0.581730; contrast=0.157029; edge_density=0.121771; sharpness=0.003774
161,short,head_left,file-002.mp4,844,44930,1497.666667,task_A_dataset_frame/outputs/frames_raw/short_head_left_file002_episode000844_frame044930_t1497667.jpg,task_A_dataset_frame/outputs/frames_selected/cvat_batch_001/short_head_left_file002_episode000844_frame044930_t1497667.jpg,stratified_coverage+visual_hard_candidate,hard_score=0.119483; brightness=0.582083; contrast=0.160015; edge_density=0.128125; sharpness=0.003722
162,short,head_left,file-002.mp4,849,45890,1529.666667,task_A_dataset_frame/outputs/frames_raw/short_head_left_file002_episode000849_frame045890_t1529667.jpg,task_A_dataset_frame/outputs/frames_selected/cvat_batch_001/short_head_left_file002_episode000849_frame045890_t1529667.jpg,stratified_coverage+visual_hard_candidate,hard_score=0.118191; brightness=0.584325; contrast=0.160051; edge_density=0.120052; sharpness=0.003725
163,short,head_left,file-002.mp4,854,46860,1562.000000,task_A_dataset_frame/outputs/frames_raw/short_head_left_file002_episode000854_frame046860_t1562000.jpg,task_A_dataset_frame/outputs/frames_selected/cvat_batch_001/short_head_left_file002_episode000854_frame046860_t1562000.jpg,stratified_coverage,hard_score=0.116690; brightness=0.578595; contrast=0.161260; edge_density=0.123594; sharpness=0.004031
164,short,head_left,file-002.mp4,857,47500,1583.333333,task_A_dataset_frame/outputs/frames_raw/short_head_left_file002_episode000857_frame047500_t1583333.jpg,task_A_dataset_frame/outputs/frames_selected/cvat_batch_001/short_head_left_file002_episode000857_frame047500_t1583333.jpg,stratified_coverage,hard_score=0.115409; brightness=0.572733; contrast=0.159293; edge_density=0.130729; sharpness=0.003819
165,short,head_left,file-002.mp4,859,47980,1599.333333,task_A_dataset_frame/outputs/frames_raw/short_head_left_file002_episode000859_frame047980_t1599333.jpg,task_A_dataset_frame/outputs/frames_selected/cvat_batch_001/short_head_left_file002_episode000859_frame047980_t1599333.jpg,stratified_coverage,hard_score=0.114274; brightness=0.587266; contrast=0.147875; edge_density=0.112240; sharpness=0.003282
166,short,head_left,file-002.mp4,866,49340,1644.666667,task_A_dataset_frame/outputs/frames_raw/short_head_left_file002_episode000866_frame049340_t1644667.jpg,task_A_dataset_frame/outputs/frames_selected/cvat_batch_001/short_head_left_file002_episode000866_frame049340_t1644667.jpg,stratified_coverage,hard_score=0.111732; brightness=0.585970; contrast=0.144927; edge_density=0.108385; sharpness=0.003092
167,short,head_left,file-002.mp4,869,49820,1660.666667,task_A_dataset_frame/outputs/frames_raw/short_head_left_file002_episode000869_frame049820_t1660667.jpg,task_A_dataset_frame/outputs/frames_selected/cvat_batch_001/short_head_left_file002_episode000869_frame049820_t1660667.jpg,stratified_coverage,hard_score=0.108021; brightness=0.560855; contrast=0.164498; edge_density=0.121563; sharpness=0.003605
168,short,head_left,file-002.mp4,876,51180,1706.000000,task_A_dataset_frame/outputs/frames_raw/short_head_left_file002_episode000876_frame051180_t1706000.jpg,task_A_dataset_frame/outputs/frames_selected/cvat_batch_001/short_head_left_file002_episode000876_frame051180_t1706000.jpg,stratified_coverage,hard_score=0.112300; brightness=0.574308; contrast=0.155083; edge_density=0.121250; sharpness=0.003417
169,short,head_left,file-002.mp4,881,52060,1735.333333,task_A_dataset_frame/outputs/frames_raw/short_head_left_file002_episode000881_frame052060_t1735333.jpg,task_A_dataset_frame/outputs/frames_selected/cvat_batch_001/short_head_left_file002_episode000881_frame052060_t1735333.jpg,stratified_coverage,hard_score=0.115374; brightness=0.579536; contrast=0.155861; edge_density=0.122135; sharpness=0.003631
170,short,head_left,file-002.mp4,886,53020,1767.333333,task_A_dataset_frame/outputs/frames_raw/short_head_left_file002_episode000886_frame053020_t1767333.jpg,task_A_dataset_frame/outputs/frames_selected/cvat_batch_001/short_head_left_file002_episode000886_frame053020_t1767333.jpg,stratified_coverage,hard_score=0.116004; brightness=0.578752; contrast=0.159388; edge_density=0.122604; sharpness=0.003763
171,short,head_left,file-002.mp4,890,53900,1796.666667,task_A_dataset_frame/outputs/frames_raw/short_head_left_file002_episode000890_frame053900_t1796667.jpg,task_A_dataset_frame/outputs/frames_selected/cvat_batch_001/short_head_left_file002_episode000890_frame053900_t1796667.jpg,stratified_coverage,hard_score=0.113043; brightness=0.583173; contrast=0.149263; edge_density=0.113802; sharpness=0.003348
172,short,head_left,file-002.mp4,897,55110,1837.000000,task_A_dataset_frame/outputs/frames_raw/short_head_left_file002_episode000897_frame055110_t1837000.jpg,task_A_dataset_frame/outputs/frames_selected/cvat_batch_001/short_head_left_file002_episode000897_frame055110_t1837000.jpg,stratified_coverage+visual_hard_candidate,hard_score=0.117652; brightness=0.582468; contrast=0.158608; edge_density=0.122552; sharpness=0.003870
173,short,head_left,file-002.mp4,902,56070,1869.000000,task_A_dataset_frame/outputs/frames_raw/short_head_left_file002_episode000902_frame056070_t1869000.jpg,task_A_dataset_frame/outputs/frames_selected/cvat_batch_001/short_head_left_file002_episode000902_frame056070_t1869000.jpg,stratified_coverage+visual_hard_candidate,hard_score=0.117767; brightness=0.582731; contrast=0.158231; edge_density=0.122813; sharpness=0.003796
174,short,head_left,file-002.mp4,907,57030,1901.000000,task_A_dataset_frame/outputs/frames_raw/short_head_left_file002_episode000907_frame057030_t1901000.jpg,task_A_dataset_frame/outputs/frames_selected/cvat_batch_001/short_head_left_file002_episode000907_frame057030_t1901000.jpg,stratified_coverage,hard_score=0.117067; brightness=0.583025; contrast=0.157217; edge_density=0.120833; sharpness=0.003637
175,short,head_left,file-002.mp4,911,57910,1930.333333,task_A_dataset_frame/outputs/frames_raw/short_head_left_file002_episode000911_frame057910_t1930333.jpg,task_A_dataset_frame/outputs/frames_selected/cvat_batch_001/short_head_left_file002_episode000911_frame057910_t1930333.jpg,stratified_coverage,hard_score=0.116698; brightness=0.585050; contrast=0.150131; edge_density=0.122135; sharpness=0.003465
176,short,head_left,file-002.mp4,914,58550,1951.666667,task_A_dataset_frame/outputs/frames_raw/short_head_left_file002_episode000914_frame058550_t1951667.jpg,task_A_dataset_frame/outputs/frames_selected/cvat_batch_001/short_head_left_file002_episode000914_frame058550_t1951667.jpg,stratified_coverage,hard_score=0.112322; brightness=0.586363; contrast=0.146563; edge_density=0.108333; sharpness=0.003209
177,short,head_left,file-003.mp4,924,1850,61.666667,task_A_dataset_frame/outputs/frames_raw/short_head_left_file003_episode000924_frame001850_t061667.jpg,task_A_dataset_frame/outputs/frames_selected/cvat_batch_001/short_head_left_file003_episode000924_frame001850_t061667.jpg,stratified_coverage,hard_score=0.116019; brightness=0.582380; contrast=0.154066; edge_density=0.121042; sharpness=0.003508
178,short,head_left,file-003.mp4,930,2890,96.333333,task_A_dataset_frame/outputs/frames_raw/short_head_left_file003_episode000930_frame002890_t096333.jpg,task_A_dataset_frame/outputs/frames_selected/cvat_batch_001/short_head_left_file003_episode000930_frame002890_t096333.jpg,stratified_coverage+visual_hard_candidate,hard_score=0.117571; brightness=0.583119; contrast=0.156486; edge_density=0.122969; sharpness=0.003718
179,short,head_left,file-003.mp4,934,3700,123.333333,task_A_dataset_frame/outputs/frames_raw/short_head_left_file003_episode000934_frame003700_t123333.jpg,task_A_dataset_frame/outputs/frames_selected/cvat_batch_001/short_head_left_file003_episode000934_frame003700_t123333.jpg,stratified_coverage,hard_score=0.112446; brightness=0.574380; contrast=0.155398; edge_density=0.121354; sharpness=0.003661
180,short,head_left,file-003.mp4,938,4420,147.333333,task_A_dataset_frame/outputs/frames_raw/short_head_left_file003_episode000938_frame004420_t147333.jpg,task_A_dataset_frame/outputs/frames_selected/cvat_batch_001/short_head_left_file003_episode000938_frame004420_t147333.jpg,stratified_coverage+visual_hard_candidate,hard_score=0.118238; brightness=0.585823; contrast=0.155683; edge_density=0.121354; sharpness=0.003602
181,short,head_left,file-003.mp4,941,5140,171.333333,task_A_dataset_frame/outputs/frames_raw/short_head_left_file003_episode000941_frame005140_t171333.jpg,task_A_dataset_frame/outputs/frames_selected/cvat_batch_001/short_head_left_file003_episode000941_frame005140_t171333.jpg,stratified_coverage,hard_score=0.112742; brightness=0.581894; contrast=0.150992; edge_density=0.113490; sharpness=0.003286
182,short,head_left,file-003.mp4,946,6030,201.000000,task_A_dataset_frame/outputs/frames_raw/short_head_left_file003_episode000946_frame006030_t201000.jpg,task_A_dataset_frame/outputs/frames_selected/cvat_batch_001/short_head_left_file003_episode000946_frame006030_t201000.jpg,stratified_coverage,hard_score=0.114958; brightness=0.576901; contrast=0.156030; edge_density=0.125000; sharpness=0.003524
183,short,head_left,file-003.mp4,950,6750,225.000000,task_A_dataset_frame/outputs/frames_raw/short_head_left_file003_episode000950_frame006750_t225000.jpg,task_A_dataset_frame/outputs/frames_selected/cvat_batch_001/short_head_left_file003_episode000950_frame006750_t225000.jpg,stratified_coverage,hard_score=0.116763; brightness=0.570278; contrast=0.165807; edge_density=0.133906; sharpness=0.004074
184,short,head_left,file-003.mp4,956,7950,265.000000,task_A_dataset_frame/outputs/frames_raw/short_head_left_file003_episode000956_frame007950_t265000.jpg,task_A_dataset_frame/outputs/frames_selected/cvat_batch_001/short_head_left_file003_episode000956_frame007950_t265000.jpg,stratified_coverage,hard_score=0.111443; brightness=0.572985; contrast=0.157363; edge_density=0.118698; sharpness=0.003510
185,short,head_left,file-003.mp4,963,9320,310.666667,task_A_dataset_frame/outputs/frames_raw/short_head_left_file003_episode000963_frame009320_t310667.jpg,task_A_dataset_frame/outputs/frames_selected/cvat_batch_001/short_head_left_file003_episode000963_frame009320_t310667.jpg,stratified_coverage,hard_score=0.107843; brightness=0.565004; contrast=0.162552; edge_density=0.115677; sharpness=0.003453
186,short,head_left,file-003.mp4,968,10280,342.666667,task_A_dataset_frame/outputs/frames_raw/short_head_left_file003_episode000968_frame010280_t342667.jpg,task_A_dataset_frame/outputs/frames_selected/cvat_batch_001/short_head_left_file003_episode000968_frame010280_t342667.jpg,stratified_coverage,hard_score=0.110575; brightness=0.573869; contrast=0.154749; edge_density=0.116510; sharpness=0.003378
187,short,head_left,file-003.mp4,974,11330,377.666667,task_A_dataset_frame/outputs/frames_raw/short_head_left_file003_episode000974_frame011330_t377667.jpg,task_A_dataset_frame/outputs/frames_selected/cvat_batch_001/short_head_left_file003_episode000974_frame011330_t377667.jpg,stratified_coverage+visual_hard_candidate,hard_score=0.118495; brightness=0.582506; contrast=0.159717; edge_density=0.124375; sharpness=0.003670
188,short,head_left,file-003.mp4,978,12130,404.333333,task_A_dataset_frame/outputs/frames_raw/short_head_left_file003_episode000978_frame012130_t404333.jpg,task_A_dataset_frame/outputs/frames_selected/cvat_batch_001/short_head_left_file003_episode000978_frame012130_t404333.jpg,stratified_coverage,hard_score=0.114389; brightness=0.574916; contrast=0.157848; edge_density=0.124896; sharpness=0.003815
189,short,head_left,file-003.mp4,982,13020,434.000000,task_A_dataset_frame/outputs/frames_raw/short_head_left_file003_episode000982_frame013020_t434000.jpg,task_A_dataset_frame/outputs/frames_selected/cvat_batch_001/short_head_left_file003_episode000982_frame013020_t434000.jpg,stratified_coverage,hard_score=0.112083; brightness=0.571526; contrast=0.157529; edge_density=0.123125; sharpness=0.003734
190,short,head_left,file-003.mp4,987,13980,466.000000,task_A_dataset_frame/outputs/frames_raw/short_head_left_file003_episode000987_frame013980_t466000.jpg,task_A_dataset_frame/outputs/frames_selected/cvat_batch_001/short_head_left_file003_episode000987_frame013980_t466000.jpg,stratified_coverage,hard_score=0.113585; brightness=0.581106; contrast=0.151004; edge_density=0.117604; sharpness=0.003470
191,short,head_left,file-003.mp4,994,15350,511.666667,task_A_dataset_frame/outputs/frames_raw/short_head_left_file003_episode000994_frame015350_t511667.jpg,task_A_dataset_frame/outputs/frames_selected/cvat_batch_001/short_head_left_file003_episode000994_frame015350_t511667.jpg,stratified_coverage,hard_score=0.111343; brightness=0.585904; contrast=0.145000; edge_density=0.107135; sharpness=0.003047
192,short,head_left,file-003.mp4,999,16310,543.666667,task_A_dataset_frame/outputs/frames_raw/short_head_left_file003_episode000999_frame016310_t543667.jpg,task_A_dataset_frame/outputs/frames_selected/cvat_batch_001/short_head_left_file003_episode000999_frame016310_t543667.jpg,stratified_coverage,hard_score=0.112003; brightness=0.586273; contrast=0.146152; edge_density=0.107760; sharpness=0.003153
