selected_index,source_frame,output_file
1,data\derived\task1_detection\raw_frames\short_head_left_file000_000001.jpg,short_head_left_file000_000001.jpg
2,data\derived\task1_detection\raw_frames\short_head_left_file000_000016.jpg,short_head_left_file000_000016.jpg
3,data\derived\task1_detection\raw_frames\short_head_left_file000_000021.jpg,short_head_left_file000_000021.jpg
4,data\derived\task1_detection\raw_frames\short_head_left_file000_000039.jpg,short_head_left_file000_000039.jpg
5,data\derived\task1_detection\raw_frames\short_head_left_file000_000040.jpg,short_head_left_file000_000040.jpg
6,data\derived\task1_detection\raw_frames\short_head_left_file000_000055.jpg,short_head_left_file000_000055.jpg
7,data\derived\task1_detection\raw_frames\short_head_left_file000_000059.jpg,short_head_left_file000_000059.jpg
8,data\derived\task1_detection\raw_frames\short_head_left_file000_000077.jpg,short_head_left_file000_000077.jpg
9,data\derived\task1_detection\raw_frames\short_head_left_file000_000079.jpg,short_head_left_file000_000079.jpg
10,data\derived\task1_detection\raw_frames\short_head_left_file000_000096.jpg,short_head_left_file000_000096.jpg
11,data\derived\task1_detection\raw_frames\short_head_left_file000_000098.jpg,short_head_left_file000_000098.jpg
12,data\derived\task1_detection\raw_frames\short_head_left_file000_000112.jpg,short_head_left_file000_000112.jpg
13,data\derived\task1_detection\raw_frames\short_head_left_file000_000118.jpg,short_head_left_file000_000118.jpg
14,data\derived\task1_detection\raw_frames\short_head_left_file000_000135.jpg,short_head_left_file000_000135.jpg
15,data\derived\task1_detection\raw_frames\short_head_left_file000_000138.jpg,short_head_left_file000_000138.jpg
16,data\derived\task1_detection\raw_frames\short_head_left_file000_000151.jpg,short_head_left_file000_000151.jpg
17,data\derived\task1_detection\raw_frames\short_head_left_file000_000159.jpg,short_head_left_file000_000159.jpg
18,data\derived\task1_detection\raw_frames\short_head_left_file000_000175.jpg,short_head_left_file000_000175.jpg
19,data\derived\task1_detection\raw_frames\short_head_left_file000_000176.jpg,short_head_left_file000_000176.jpg
20,data\derived\task1_detection\raw_frames\short_head_left_file000_000189.jpg,short_head_left_file000_000189.jpg
21,data\derived\task1_detection\raw_frames\short_head_left_file000_000196.jpg,short_head_left_file000_000196.jpg
22,data\derived\task1_detection\raw_frames\short_head_left_file000_000208.jpg,short_head_left_file000_000208.jpg
23,data\derived\task1_detection\raw_frames\short_head_left_file000_000220.jpg,short_head_left_file000_000220.jpg
24,data\derived\task1_detection\raw_frames\short_head_left_file000_000231.jpg,short_head_left_file000_000231.jpg
25,data\derived\task1_detection\raw_frames\short_head_left_file000_000235.jpg,short_head_left_file000_000235.jpg
26,data\derived\task1_detection\raw_frames\short_head_left_file000_000251.jpg,short_head_left_file000_000251.jpg
27,data\derived\task1_detection\raw_frames\short_head_left_file000_000255.jpg,short_head_left_file000_000255.jpg
28,data\derived\task1_detection\raw_frames\short_head_left_file000_000272.jpg,short_head_left_file000_000272.jpg
29,data\derived\task1_detection\raw_frames\short_head_left_file000_000280.jpg,short_head_left_file000_000280.jpg
30,data\derived\task1_detection\raw_frames\short_head_left_file000_000290.jpg,short_head_left_file000_000290.jpg
31,data\derived\task1_detection\raw_frames\short_head_left_file000_000302.jpg,short_head_left_file000_000302.jpg
32,data\derived\task1_detection\raw_frames\short_head_left_file000_000309.jpg,short_head_left_file000_000309.jpg
33,data\derived\task1_detection\raw_frames\short_head_left_file000_000322.jpg,short_head_left_file000_000322.jpg
34,data\derived\task1_detection\raw_frames\short_head_left_file000_000327.jpg,short_head_left_file000_000327.jpg
35,data\derived\task1_detection\raw_frames\short_head_left_file000_000341.jpg,short_head_left_file000_000341.jpg
36,data\derived\task1_detection\raw_frames\short_head_left_file000_000345.jpg,short_head_left_file000_000345.jpg
37,data\derived\task1_detection\raw_frames\short_head_left_file000_000358.jpg,short_head_left_file000_000358.jpg
38,data\derived\task1_detection\raw_frames\short_head_left_file000_000367.jpg,short_head_left_file000_000367.jpg
39,data\derived\task1_detection\raw_frames\short_head_left_file000_000376.jpg,short_head_left_file000_000376.jpg
40,data\derived\task1_detection\raw_frames\short_head_left_file000_000386.jpg,short_head_left_file000_000386.jpg
41,data\derived\task1_detection\raw_frames\short_head_left_file000_000400.jpg,short_head_left_file000_000400.jpg
42,data\derived\task1_detection\raw_frames\short_head_left_file000_000405.jpg,short_head_left_file000_000405.jpg
43,data\derived\task1_detection\raw_frames\short_head_left_file000_000419.jpg,short_head_left_file000_000419.jpg
44,data\derived\task1_detection\raw_frames\short_head_left_file000_000423.jpg,short_head_left_file000_000423.jpg
45,data\derived\task1_detection\raw_frames\short_head_left_file000_000438.jpg,short_head_left_file000_000438.jpg
46,data\derived\task1_detection\raw_frames\short_head_left_file000_000444.jpg,short_head_left_file000_000444.jpg
47,data\derived\task1_detection\raw_frames\short_head_left_file000_000457.jpg,short_head_left_file000_000457.jpg
48,data\derived\task1_detection\raw_frames\short_head_left_file000_000463.jpg,short_head_left_file000_000463.jpg
49,data\derived\task1_detection\raw_frames\short_head_left_file000_000477.jpg,short_head_left_file000_000477.jpg
50,data\derived\task1_detection\raw_frames\short_head_left_file000_000482.jpg,short_head_left_file000_000482.jpg
51,data\derived\task1_detection\raw_frames\short_head_left_file000_000497.jpg,short_head_left_file000_000497.jpg
52,data\derived\task1_detection\raw_frames\short_head_left_file000_000501.jpg,short_head_left_file000_000501.jpg
53,data\derived\task1_detection\raw_frames\short_head_left_file000_000516.jpg,short_head_left_file000_000516.jpg
54,data\derived\task1_detection\raw_frames\short_head_left_file000_000520.jpg,short_head_left_file000_000520.jpg
55,data\derived\task1_detection\raw_frames\short_head_left_file000_000532.jpg,short_head_left_file000_000532.jpg
56,data\derived\task1_detection\raw_frames\short_head_left_file000_000539.jpg,short_head_left_file000_000539.jpg
57,data\derived\task1_detection\raw_frames\short_head_left_file000_000554.jpg,short_head_left_file000_000554.jpg
58,data\derived\task1_detection\raw_frames\short_head_left_file000_000559.jpg,short_head_left_file000_000559.jpg
59,data\derived\task1_detection\raw_frames\short_head_left_file000_000573.jpg,short_head_left_file000_000573.jpg
60,data\derived\task1_detection\raw_frames\short_head_left_file000_000578.jpg,short_head_left_file000_000578.jpg
61,data\derived\task1_detection\raw_frames\short_head_left_file000_000592.jpg,short_head_left_file000_000592.jpg
62,data\derived\task1_detection\raw_frames\short_head_left_file000_000596.jpg,short_head_left_file000_000596.jpg
63,data\derived\task1_detection\raw_frames\short_head_left_file000_000614.jpg,short_head_left_file000_000614.jpg
64,data\derived\task1_detection\raw_frames\short_head_left_file000_000615.jpg,short_head_left_file000_000615.jpg
65,data\derived\task1_detection\raw_frames\short_head_left_file000_000632.jpg,short_head_left_file000_000632.jpg
66,data\derived\task1_detection\raw_frames\short_head_left_file000_000635.jpg,short_head_left_file000_000635.jpg
67,data\derived\task1_detection\raw_frames\short_head_left_file000_000651.jpg,short_head_left_file000_000651.jpg
68,data\derived\task1_detection\raw_frames\short_head_left_file000_000656.jpg,short_head_left_file000_000656.jpg
69,data\derived\task1_detection\raw_frames\short_head_left_file000_000669.jpg,short_head_left_file000_000669.jpg
70,data\derived\task1_detection\raw_frames\short_head_left_file000_000674.jpg,short_head_left_file000_000674.jpg
71,data\derived\task1_detection\raw_frames\short_head_left_file000_000692.jpg,short_head_left_file000_000692.jpg
72,data\derived\task1_detection\raw_frames\short_head_left_file000_000693.jpg,short_head_left_file000_000693.jpg
73,data\derived\task1_detection\raw_frames\short_head_left_file000_000711.jpg,short_head_left_file000_000711.jpg
74,data\derived\task1_detection\raw_frames\short_head_left_file000_000713.jpg,short_head_left_file000_000713.jpg
75,data\derived\task1_detection\raw_frames\short_head_left_file000_000727.jpg,short_head_left_file000_000727.jpg
76,data\derived\task1_detection\raw_frames\short_head_left_file000_000741.jpg,short_head_left_file000_000741.jpg
77,data\derived\task1_detection\raw_frames\short_head_left_file000_000749.jpg,short_head_left_file000_000749.jpg
78,data\derived\task1_detection\raw_frames\short_head_left_file000_000758.jpg,short_head_left_file000_000758.jpg
79,data\derived\task1_detection\raw_frames\short_head_left_file000_000770.jpg,short_head_left_file000_000770.jpg
80,data\derived\task1_detection\raw_frames\short_head_left_file000_000772.jpg,short_head_left_file000_000772.jpg
81,data\derived\task1_detection\raw_frames\short_head_left_file000_000789.jpg,short_head_left_file000_000789.jpg
82,data\derived\task1_detection\raw_frames\short_head_left_file000_000791.jpg,short_head_left_file000_000791.jpg
83,data\derived\task1_detection\raw_frames\short_head_left_file000_000807.jpg,short_head_left_file000_000807.jpg
84,data\derived\task1_detection\raw_frames\short_head_left_file000_000816.jpg,short_head_left_file000_000816.jpg
85,data\derived\task1_detection\raw_frames\short_head_left_file000_000829.jpg,short_head_left_file000_000829.jpg
86,data\derived\task1_detection\raw_frames\short_head_left_file000_000837.jpg,short_head_left_file000_000837.jpg
87,data\derived\task1_detection\raw_frames\short_head_left_file000_000848.jpg,short_head_left_file000_000848.jpg
88,data\derived\task1_detection\raw_frames\short_head_left_file000_000858.jpg,short_head_left_file000_000858.jpg
89,data\derived\task1_detection\raw_frames\short_head_left_file000_000861.jpg,short_head_left_file000_000861.jpg
90,data\derived\task1_detection\raw_frames\short_head_left_file000_000873.jpg,short_head_left_file000_000873.jpg
91,data\derived\task1_detection\raw_frames\short_head_left_file000_000885.jpg,short_head_left_file000_000885.jpg
92,data\derived\task1_detection\raw_frames\short_head_left_file000_000897.jpg,short_head_left_file000_000897.jpg
93,data\derived\task1_detection\raw_frames\short_head_left_file000_000903.jpg,short_head_left_file000_000903.jpg
94,data\derived\task1_detection\raw_frames\short_head_left_file000_000908.jpg,short_head_left_file000_000908.jpg
95,data\derived\task1_detection\raw_frames\short_head_left_file000_000923.jpg,short_head_left_file000_000923.jpg
96,data\derived\task1_detection\raw_frames\short_head_left_file000_000931.jpg,short_head_left_file000_000931.jpg
97,data\derived\task1_detection\raw_frames\short_head_left_file000_000943.jpg,short_head_left_file000_000943.jpg
98,data\derived\task1_detection\raw_frames\short_head_left_file000_000951.jpg,short_head_left_file000_000951.jpg
99,data\derived\task1_detection\raw_frames\short_head_left_file000_000962.jpg,short_head_left_file000_000962.jpg
100,data\derived\task1_detection\raw_frames\short_head_left_file000_000976.jpg,short_head_left_file000_000976.jpg
101,data\derived\task1_detection\raw_frames\short_head_left_file000_000981.jpg,short_head_left_file000_000981.jpg
102,data\derived\task1_detection\raw_frames\short_head_left_file000_000995.jpg,short_head_left_file000_000995.jpg
103,data\derived\task1_detection\raw_frames\short_head_left_file000_000999.jpg,short_head_left_file000_000999.jpg
104,data\derived\task1_detection\raw_frames\short_head_left_file000_001015.jpg,short_head_left_file000_001015.jpg
105,data\derived\task1_detection\raw_frames\short_head_left_file000_001020.jpg,short_head_left_file000_001020.jpg
106,data\derived\task1_detection\raw_frames\short_head_left_file000_001034.jpg,short_head_left_file000_001034.jpg
107,data\derived\task1_detection\raw_frames\short_head_left_file000_001039.jpg,short_head_left_file000_001039.jpg
108,data\derived\task1_detection\raw_frames\short_head_left_file000_001053.jpg,short_head_left_file000_001053.jpg
109,data\derived\task1_detection\raw_frames\short_head_left_file000_001058.jpg,short_head_left_file000_001058.jpg
110,data\derived\task1_detection\raw_frames\short_head_left_file000_001072.jpg,short_head_left_file000_001072.jpg
111,data\derived\task1_detection\raw_frames\short_head_left_file000_001077.jpg,short_head_left_file000_001077.jpg
112,data\derived\task1_detection\raw_frames\short_head_left_file000_001092.jpg,short_head_left_file000_001092.jpg
113,data\derived\task1_detection\raw_frames\short_head_left_file000_001096.jpg,short_head_left_file000_001096.jpg
114,data\derived\task1_detection\raw_frames\short_head_left_file000_001111.jpg,short_head_left_file000_001111.jpg
115,data\derived\task1_detection\raw_frames\short_head_left_file000_001117.jpg,short_head_left_file000_001117.jpg
116,data\derived\task1_detection\raw_frames\short_head_left_file000_001132.jpg,short_head_left_file000_001132.jpg
117,data\derived\task1_detection\raw_frames\short_head_left_file000_001135.jpg,short_head_left_file000_001135.jpg
118,data\derived\task1_detection\raw_frames\short_head_left_file000_001150.jpg,short_head_left_file000_001150.jpg
119,data\derived\task1_detection\raw_frames\short_head_left_file000_001154.jpg,short_head_left_file000_001154.jpg
120,data\derived\task1_detection\raw_frames\short_head_left_file000_001169.jpg,short_head_left_file000_001169.jpg
121,data\derived\task1_detection\raw_frames\short_head_left_file000_001173.jpg,short_head_left_file000_001173.jpg
122,data\derived\task1_detection\raw_frames\short_head_left_file000_001189.jpg,short_head_left_file000_001189.jpg
123,data\derived\task1_detection\raw_frames\short_head_left_file000_001191.jpg,short_head_left_file000_001191.jpg
124,data\derived\task1_detection\raw_frames\short_head_left_file000_001208.jpg,short_head_left_file000_001208.jpg
125,data\derived\task1_detection\raw_frames\short_head_left_file000_001212.jpg,short_head_left_file000_001212.jpg
126,data\derived\task1_detection\raw_frames\short_head_left_file000_001229.jpg,short_head_left_file000_001229.jpg
127,data\derived\task1_detection\raw_frames\short_head_left_file000_001231.jpg,short_head_left_file000_001231.jpg
128,data\derived\task1_detection\raw_frames\short_head_left_file000_001248.jpg,short_head_left_file000_001248.jpg
129,data\derived\task1_detection\raw_frames\short_head_left_file000_001250.jpg,short_head_left_file000_001250.jpg
130,data\derived\task1_detection\raw_frames\short_head_left_file000_001264.jpg,short_head_left_file000_001264.jpg
131,data\derived\task1_detection\raw_frames\short_head_left_file000_001269.jpg,short_head_left_file000_001269.jpg
132,data\derived\task1_detection\raw_frames\short_head_left_file000_001287.jpg,short_head_left_file000_001287.jpg
133,data\derived\task1_detection\raw_frames\short_head_left_file000_001289.jpg,short_head_left_file000_001289.jpg
134,data\derived\task1_detection\raw_frames\short_head_left_file000_001306.jpg,short_head_left_file000_001306.jpg
135,data\derived\task1_detection\raw_frames\short_head_left_file000_001308.jpg,short_head_left_file000_001308.jpg
136,data\derived\task1_detection\raw_frames\short_head_left_file000_001326.jpg,short_head_left_file000_001326.jpg
137,data\derived\task1_detection\raw_frames\short_head_left_file000_001328.jpg,short_head_left_file000_001328.jpg
138,data\derived\task1_detection\raw_frames\short_head_left_file000_001346.jpg,short_head_left_file000_001346.jpg
139,data\derived\task1_detection\raw_frames\short_head_left_file000_001347.jpg,short_head_left_file000_001347.jpg
140,data\derived\task1_detection\raw_frames\short_head_left_file000_001365.jpg,short_head_left_file000_001365.jpg
141,data\derived\task1_detection\raw_frames\short_head_left_file000_001367.jpg,short_head_left_file000_001367.jpg
142,data\derived\task1_detection\raw_frames\short_head_left_file000_001383.jpg,short_head_left_file000_001383.jpg
143,data\derived\task1_detection\raw_frames\short_head_left_file000_001391.jpg,short_head_left_file000_001391.jpg
144,data\derived\task1_detection\raw_frames\short_head_left_file000_001404.jpg,short_head_left_file000_001404.jpg
145,data\derived\task1_detection\raw_frames\short_head_left_file000_001415.jpg,short_head_left_file000_001415.jpg
146,data\derived\task1_detection\raw_frames\short_head_left_file000_001418.jpg,short_head_left_file000_001418.jpg
147,data\derived\task1_detection\raw_frames\short_head_left_file000_001432.jpg,short_head_left_file000_001432.jpg
148,data\derived\task1_detection\raw_frames\short_head_left_file000_001442.jpg,short_head_left_file000_001442.jpg
149,data\derived\task1_detection\raw_frames\short_head_left_file000_001454.jpg,short_head_left_file000_001454.jpg
150,data\derived\task1_detection\raw_frames\short_head_left_file000_001461.jpg,short_head_left_file000_001461.jpg
151,data\derived\task1_detection\raw_frames\short_head_left_file000_001471.jpg,short_head_left_file000_001471.jpg
152,data\derived\task1_detection\raw_frames\short_head_left_file000_001479.jpg,short_head_left_file000_001479.jpg
153,data\derived\task1_detection\raw_frames\short_head_left_file000_001490.jpg,short_head_left_file000_001490.jpg
154,data\derived\task1_detection\raw_frames\short_head_left_file000_001499.jpg,short_head_left_file000_001499.jpg
155,data\derived\task1_detection\raw_frames\short_head_left_file000_001509.jpg,short_head_left_file000_001509.jpg
156,data\derived\task1_detection\raw_frames\short_head_left_file000_001517.jpg,short_head_left_file000_001517.jpg
157,data\derived\task1_detection\raw_frames\short_head_left_file000_001526.jpg,short_head_left_file000_001526.jpg
158,data\derived\task1_detection\raw_frames\short_head_left_file000_001538.jpg,short_head_left_file000_001538.jpg
159,data\derived\task1_detection\raw_frames\short_head_left_file000_001547.jpg,short_head_left_file000_001547.jpg
160,data\derived\task1_detection\raw_frames\short_head_left_file000_001552.jpg,short_head_left_file000_001552.jpg
161,data\derived\task1_detection\raw_frames\short_head_left_file000_001565.jpg,short_head_left_file000_001565.jpg
162,data\derived\task1_detection\raw_frames\short_head_left_file000_001575.jpg,short_head_left_file000_001575.jpg
163,data\derived\task1_detection\raw_frames\short_head_left_file000_001590.jpg,short_head_left_file000_001590.jpg
164,data\derived\task1_detection\raw_frames\short_head_left_file000_001595.jpg,short_head_left_file000_001595.jpg
165,data\derived\task1_detection\raw_frames\short_head_left_file000_001610.jpg,short_head_left_file000_001610.jpg
166,data\derived\task1_detection\raw_frames\short_head_left_file000_001615.jpg,short_head_left_file000_001615.jpg
167,data\derived\task1_detection\raw_frames\short_head_left_file000_001629.jpg,short_head_left_file000_001629.jpg
168,data\derived\task1_detection\raw_frames\short_head_left_file000_001632.jpg,short_head_left_file000_001632.jpg
169,data\derived\task1_detection\raw_frames\short_head_left_file000_001649.jpg,short_head_left_file000_001649.jpg
170,data\derived\task1_detection\raw_frames\short_head_left_file000_001653.jpg,short_head_left_file000_001653.jpg
171,data\derived\task1_detection\raw_frames\short_head_left_file000_001667.jpg,short_head_left_file000_001667.jpg
172,data\derived\task1_detection\raw_frames\short_head_left_file000_001671.jpg,short_head_left_file000_001671.jpg
173,data\derived\task1_detection\raw_frames\short_head_left_file000_001687.jpg,short_head_left_file000_001687.jpg
174,data\derived\task1_detection\raw_frames\short_head_left_file000_001692.jpg,short_head_left_file000_001692.jpg
175,data\derived\task1_detection\raw_frames\short_head_left_file000_001706.jpg,short_head_left_file000_001706.jpg
176,data\derived\task1_detection\raw_frames\short_head_left_file000_001710.jpg,short_head_left_file000_001710.jpg
177,data\derived\task1_detection\raw_frames\short_head_left_file000_001727.jpg,short_head_left_file000_001727.jpg
178,data\derived\task1_detection\raw_frames\short_head_left_file000_001730.jpg,short_head_left_file000_001730.jpg
179,data\derived\task1_detection\raw_frames\short_head_left_file000_001745.jpg,short_head_left_file000_001745.jpg
180,data\derived\task1_detection\raw_frames\short_head_left_file000_001749.jpg,short_head_left_file000_001749.jpg
181,data\derived\task1_detection\raw_frames\short_head_left_file000_001766.jpg,short_head_left_file000_001766.jpg
182,data\derived\task1_detection\raw_frames\short_head_left_file000_001767.jpg,short_head_left_file000_001767.jpg
183,data\derived\task1_detection\raw_frames\short_head_left_file000_001783.jpg,short_head_left_file000_001783.jpg
184,data\derived\task1_detection\raw_frames\short_head_left_file000_001788.jpg,short_head_left_file000_001788.jpg
185,data\derived\task1_detection\raw_frames\short_head_left_file000_001802.jpg,short_head_left_file000_001802.jpg
186,data\derived\task1_detection\raw_frames\short_head_left_file000_001807.jpg,short_head_left_file000_001807.jpg
187,data\derived\task1_detection\raw_frames\short_head_left_file000_001821.jpg,short_head_left_file000_001821.jpg
188,data\derived\task1_detection\raw_frames\short_head_left_file000_001826.jpg,short_head_left_file000_001826.jpg
189,data\derived\task1_detection\raw_frames\short_head_left_file000_001843.jpg,short_head_left_file000_001843.jpg
190,data\derived\task1_detection\raw_frames\short_head_left_file000_001845.jpg,short_head_left_file000_001845.jpg
191,data\derived\task1_detection\raw_frames\short_head_left_file000_001863.jpg,short_head_left_file000_001863.jpg
192,data\derived\task1_detection\raw_frames\short_head_left_file000_001868.jpg,short_head_left_file000_001868.jpg
193,data\derived\task1_detection\raw_frames\short_head_left_file000_001883.jpg,short_head_left_file000_001883.jpg
194,data\derived\task1_detection\raw_frames\short_head_left_file000_001884.jpg,short_head_left_file000_001884.jpg
195,data\derived\task1_detection\raw_frames\short_head_left_file000_001903.jpg,short_head_left_file000_001903.jpg
196,data\derived\task1_detection\raw_frames\short_head_left_file000_001904.jpg,short_head_left_file000_001904.jpg
197,data\derived\task1_detection\raw_frames\short_head_left_file000_001922.jpg,short_head_left_file000_001922.jpg
198,data\derived\task1_detection\raw_frames\short_head_left_file000_001923.jpg,short_head_left_file000_001923.jpg
199,data\derived\task1_detection\raw_frames\short_head_left_file000_001941.jpg,short_head_left_file000_001941.jpg
200,data\derived\task1_detection\raw_frames\short_head_left_file000_001943.jpg,short_head_left_file000_001943.jpg
201,data\derived\task1_detection\raw_frames\short_head_left_file000_001959.jpg,short_head_left_file000_001959.jpg
202,data\derived\task1_detection\raw_frames\short_head_left_file000_001968.jpg,short_head_left_file000_001968.jpg
203,data\derived\task1_detection\raw_frames\short_head_left_file000_001979.jpg,short_head_left_file000_001979.jpg
204,data\derived\task1_detection\raw_frames\short_head_left_file000_001987.jpg,short_head_left_file000_001987.jpg
205,data\derived\task1_detection\raw_frames\short_head_left_file000_001998.jpg,short_head_left_file000_001998.jpg
206,data\derived\task1_detection\raw_frames\short_head_left_file000_002007.jpg,short_head_left_file000_002007.jpg
207,data\derived\task1_detection\raw_frames\short_head_left_file000_002018.jpg,short_head_left_file000_002018.jpg
208,data\derived\task1_detection\raw_frames\short_head_left_file000_002025.jpg,short_head_left_file000_002025.jpg
209,data\derived\task1_detection\raw_frames\short_head_left_file000_002035.jpg,short_head_left_file000_002035.jpg
210,data\derived\task1_detection\raw_frames\short_head_left_file000_002049.jpg,short_head_left_file000_002049.jpg
211,data\derived\task1_detection\raw_frames\short_head_left_file000_002055.jpg,short_head_left_file000_002055.jpg
212,data\derived\task1_detection\raw_frames\short_head_left_file000_002064.jpg,short_head_left_file000_002064.jpg
213,data\derived\task1_detection\raw_frames\short_head_left_file000_002076.jpg,short_head_left_file000_002076.jpg
214,data\derived\task1_detection\raw_frames\short_head_left_file000_002081.jpg,short_head_left_file000_002081.jpg
215,data\derived\task1_detection\raw_frames\short_head_left_file000_002090.jpg,short_head_left_file000_002090.jpg
216,data\derived\task1_detection\raw_frames\short_head_left_file000_002108.jpg,short_head_left_file000_002108.jpg
217,data\derived\task1_detection\raw_frames\short_head_left_file000_002114.jpg,short_head_left_file000_002114.jpg
218,data\derived\task1_detection\raw_frames\short_head_left_file000_002120.jpg,short_head_left_file000_002120.jpg
219,data\derived\task1_detection\raw_frames\short_head_left_file000_002129.jpg,short_head_left_file000_002129.jpg
220,data\derived\task1_detection\raw_frames\short_head_left_file000_002147.jpg,short_head_left_file000_002147.jpg
221,data\derived\task1_detection\raw_frames\short_head_left_file000_002151.jpg,short_head_left_file000_002151.jpg
222,data\derived\task1_detection\raw_frames\short_head_left_file000_002166.jpg,short_head_left_file000_002166.jpg
223,data\derived\task1_detection\raw_frames\short_head_left_file000_002172.jpg,short_head_left_file000_002172.jpg
224,data\derived\task1_detection\raw_frames\short_head_left_file000_002186.jpg,short_head_left_file000_002186.jpg
225,data\derived\task1_detection\raw_frames\short_head_left_file000_002192.jpg,short_head_left_file000_002192.jpg
226,data\derived\task1_detection\raw_frames\short_head_left_file000_002205.jpg,short_head_left_file000_002205.jpg
227,data\derived\task1_detection\raw_frames\short_head_left_file000_002211.jpg,short_head_left_file000_002211.jpg
228,data\derived\task1_detection\raw_frames\short_head_left_file000_002224.jpg,short_head_left_file000_002224.jpg
229,data\derived\task1_detection\raw_frames\short_head_left_file000_002227.jpg,short_head_left_file000_002227.jpg
230,data\derived\task1_detection\raw_frames\short_head_left_file000_002243.jpg,short_head_left_file000_002243.jpg
231,data\derived\task1_detection\raw_frames\short_head_left_file000_002247.jpg,short_head_left_file000_002247.jpg
232,data\derived\task1_detection\raw_frames\short_head_left_file000_002263.jpg,short_head_left_file000_002263.jpg
233,data\derived\task1_detection\raw_frames\short_head_left_file000_002269.jpg,short_head_left_file000_002269.jpg
234,data\derived\task1_detection\raw_frames\short_head_left_file000_002282.jpg,short_head_left_file000_002282.jpg
235,data\derived\task1_detection\raw_frames\short_head_left_file000_002285.jpg,short_head_left_file000_002285.jpg
236,data\derived\task1_detection\raw_frames\short_head_left_file000_002303.jpg,short_head_left_file000_002303.jpg
237,data\derived\task1_detection\raw_frames\short_head_left_file000_002306.jpg,short_head_left_file000_002306.jpg
238,data\derived\task1_detection\raw_frames\short_head_left_file000_002320.jpg,short_head_left_file000_002320.jpg
239,data\derived\task1_detection\raw_frames\short_head_left_file000_002325.jpg,short_head_left_file000_002325.jpg
240,data\derived\task1_detection\raw_frames\short_head_left_file000_002340.jpg,short_head_left_file000_002340.jpg
241,data\derived\task1_detection\raw_frames\short_head_left_file000_002343.jpg,short_head_left_file000_002343.jpg
242,data\derived\task1_detection\raw_frames\short_head_left_file000_002361.jpg,short_head_left_file000_002361.jpg
243,data\derived\task1_detection\raw_frames\short_head_left_file000_002364.jpg,short_head_left_file000_002364.jpg
244,data\derived\task1_detection\raw_frames\short_head_left_file000_002378.jpg,short_head_left_file000_002378.jpg
245,data\derived\task1_detection\raw_frames\short_head_left_file000_002384.jpg,short_head_left_file000_002384.jpg
246,data\derived\task1_detection\raw_frames\short_head_left_file000_002397.jpg,short_head_left_file000_002397.jpg
247,data\derived\task1_detection\raw_frames\short_head_left_file000_002402.jpg,short_head_left_file000_002402.jpg
248,data\derived\task1_detection\raw_frames\short_head_left_file000_002416.jpg,short_head_left_file000_002416.jpg
249,data\derived\task1_detection\raw_frames\short_head_left_file000_002421.jpg,short_head_left_file000_002421.jpg
250,data\derived\task1_detection\raw_frames\short_head_left_file000_002439.jpg,short_head_left_file000_002439.jpg
251,data\derived\task1_detection\raw_frames\short_head_left_file000_002441.jpg,short_head_left_file000_002441.jpg
252,data\derived\task1_detection\raw_frames\short_head_left_file000_002459.jpg,short_head_left_file000_002459.jpg
253,data\derived\task1_detection\raw_frames\short_head_left_file000_002461.jpg,short_head_left_file000_002461.jpg
254,data\derived\task1_detection\raw_frames\short_head_left_file000_002474.jpg,short_head_left_file000_002474.jpg
255,data\derived\task1_detection\raw_frames\short_head_left_file000_002480.jpg,short_head_left_file000_002480.jpg
256,data\derived\task1_detection\raw_frames\short_head_left_file000_002498.jpg,short_head_left_file000_002498.jpg
257,data\derived\task1_detection\raw_frames\short_head_left_file000_002499.jpg,short_head_left_file000_002499.jpg
258,data\derived\task1_detection\raw_frames\short_head_left_file000_002512.jpg,short_head_left_file000_002512.jpg
259,data\derived\task1_detection\raw_frames\short_head_left_file000_002519.jpg,short_head_left_file000_002519.jpg
260,data\derived\task1_detection\raw_frames\short_head_left_file000_002535.jpg,short_head_left_file000_002535.jpg
261,data\derived\task1_detection\raw_frames\short_head_left_file000_002539.jpg,short_head_left_file000_002539.jpg
262,data\derived\task1_detection\raw_frames\short_head_left_file000_002553.jpg,short_head_left_file000_002553.jpg
263,data\derived\task1_detection\raw_frames\short_head_left_file000_002563.jpg,short_head_left_file000_002563.jpg
264,data\derived\task1_detection\raw_frames\short_head_left_file000_002575.jpg,short_head_left_file000_002575.jpg
265,data\derived\task1_detection\raw_frames\short_head_left_file000_002584.jpg,short_head_left_file000_002584.jpg
266,data\derived\task1_detection\raw_frames\short_head_left_file000_002594.jpg,short_head_left_file000_002594.jpg
267,data\derived\task1_detection\raw_frames\short_head_left_file000_002605.jpg,short_head_left_file000_002605.jpg
268,data\derived\task1_detection\raw_frames\short_head_left_file000_002608.jpg,short_head_left_file000_002608.jpg
269,data\derived\task1_detection\raw_frames\short_head_left_file000_002619.jpg,short_head_left_file000_002619.jpg
270,data\derived\task1_detection\raw_frames\short_head_left_file000_002631.jpg,short_head_left_file000_002631.jpg
271,data\derived\task1_detection\raw_frames\short_head_left_file000_002642.jpg,short_head_left_file000_002642.jpg
272,data\derived\task1_detection\raw_frames\short_head_left_file000_002652.jpg,short_head_left_file000_002652.jpg
273,data\derived\task1_detection\raw_frames\short_head_left_file000_002663.jpg,short_head_left_file000_002663.jpg
274,data\derived\task1_detection\raw_frames\short_head_left_file000_002666.jpg,short_head_left_file000_002666.jpg
275,data\derived\task1_detection\raw_frames\short_head_left_file000_002684.jpg,short_head_left_file000_002684.jpg
276,data\derived\task1_detection\raw_frames\short_head_left_file000_002691.jpg,short_head_left_file000_002691.jpg
277,data\derived\task1_detection\raw_frames\short_head_left_file000_002701.jpg,short_head_left_file000_002701.jpg
278,data\derived\task1_detection\raw_frames\short_head_left_file000_002704.jpg,short_head_left_file000_002704.jpg
279,data\derived\task1_detection\raw_frames\short_head_left_file000_002722.jpg,short_head_left_file000_002722.jpg
280,data\derived\task1_detection\raw_frames\short_head_left_file000_002727.jpg,short_head_left_file000_002727.jpg
281,data\derived\task1_detection\raw_frames\short_head_left_file000_002739.jpg,short_head_left_file000_002739.jpg
282,data\derived\task1_detection\raw_frames\short_head_left_file000_002747.jpg,short_head_left_file000_002747.jpg
283,data\derived\task1_detection\raw_frames\short_head_left_file000_002760.jpg,short_head_left_file000_002760.jpg
284,data\derived\task1_detection\raw_frames\short_head_left_file000_002768.jpg,short_head_left_file000_002768.jpg
285,data\derived\task1_detection\raw_frames\short_head_left_file000_002781.jpg,short_head_left_file000_002781.jpg
286,data\derived\task1_detection\raw_frames\short_head_left_file000_002784.jpg,short_head_left_file000_002784.jpg
287,data\derived\task1_detection\raw_frames\short_head_left_file000_002795.jpg,short_head_left_file000_002795.jpg
288,data\derived\task1_detection\raw_frames\short_head_left_file000_002805.jpg,short_head_left_file000_002805.jpg
289,data\derived\task1_detection\raw_frames\short_head_left_file000_002819.jpg,short_head_left_file000_002819.jpg
290,data\derived\task1_detection\raw_frames\short_head_left_file000_002823.jpg,short_head_left_file000_002823.jpg
291,data\derived\task1_detection\raw_frames\short_head_left_file000_002838.jpg,short_head_left_file000_002838.jpg
292,data\derived\task1_detection\raw_frames\short_head_left_file000_002843.jpg,short_head_left_file000_002843.jpg
293,data\derived\task1_detection\raw_frames\short_head_left_file000_002859.jpg,short_head_left_file000_002859.jpg
294,data\derived\task1_detection\raw_frames\short_head_left_file000_002862.jpg,short_head_left_file000_002862.jpg
295,data\derived\task1_detection\raw_frames\short_head_left_file000_002877.jpg,short_head_left_file000_002877.jpg
296,data\derived\task1_detection\raw_frames\short_head_left_file000_002883.jpg,short_head_left_file000_002883.jpg
297,data\derived\task1_detection\raw_frames\short_head_left_file000_002896.jpg,short_head_left_file000_002896.jpg
298,data\derived\task1_detection\raw_frames\short_head_left_file000_002902.jpg,short_head_left_file000_002902.jpg
299,data\derived\task1_detection\raw_frames\short_head_left_file000_002915.jpg,short_head_left_file000_002915.jpg
300,data\derived\task1_detection\raw_frames\short_head_left_file000_002919.jpg,short_head_left_file000_002919.jpg
301,data\derived\task1_detection\raw_frames\short_head_left_file000_002935.jpg,short_head_left_file000_002935.jpg
302,data\derived\task1_detection\raw_frames\short_head_left_file000_002940.jpg,short_head_left_file000_002940.jpg
303,data\derived\task1_detection\raw_frames\short_head_left_file000_002954.jpg,short_head_left_file000_002954.jpg
304,data\derived\task1_detection\raw_frames\short_head_left_file000_002960.jpg,short_head_left_file000_002960.jpg
305,data\derived\task1_detection\raw_frames\short_head_left_file000_002974.jpg,short_head_left_file000_002974.jpg
306,data\derived\task1_detection\raw_frames\short_head_left_file000_002978.jpg,short_head_left_file000_002978.jpg
307,data\derived\task1_detection\raw_frames\short_head_left_file000_002993.jpg,short_head_left_file000_002993.jpg
308,data\derived\task1_detection\raw_frames\short_head_left_file000_002997.jpg,short_head_left_file000_002997.jpg
309,data\derived\task1_detection\raw_frames\short_head_left_file000_003015.jpg,short_head_left_file000_003015.jpg
310,data\derived\task1_detection\raw_frames\short_head_left_file000_003016.jpg,short_head_left_file000_003016.jpg
311,data\derived\task1_detection\raw_frames\short_head_left_file000_003031.jpg,short_head_left_file000_003031.jpg
312,data\derived\task1_detection\raw_frames\short_head_left_file000_003036.jpg,short_head_left_file000_003036.jpg
313,data\derived\task1_detection\raw_frames\short_head_left_file000_003051.jpg,short_head_left_file000_003051.jpg
314,data\derived\task1_detection\raw_frames\short_head_left_file000_003055.jpg,short_head_left_file000_003055.jpg
315,data\derived\task1_detection\raw_frames\short_head_left_file000_003071.jpg,short_head_left_file000_003071.jpg
316,data\derived\task1_detection\raw_frames\short_head_left_file000_003077.jpg,short_head_left_file000_003077.jpg
317,data\derived\task1_detection\raw_frames\short_head_left_file000_003093.jpg,short_head_left_file000_003093.jpg
318,data\derived\task1_detection\raw_frames\short_head_left_file000_003094.jpg,short_head_left_file000_003094.jpg
319,data\derived\task1_detection\raw_frames\short_head_left_file000_003111.jpg,short_head_left_file000_003111.jpg
320,data\derived\task1_detection\raw_frames\short_head_left_file000_003120.jpg,short_head_left_file000_003120.jpg
321,data\derived\task1_detection\raw_frames\short_head_left_file000_003129.jpg,short_head_left_file000_003129.jpg
322,data\derived\task1_detection\raw_frames\short_head_left_file000_003133.jpg,short_head_left_file000_003133.jpg
323,data\derived\task1_detection\raw_frames\short_head_left_file000_003152.jpg,short_head_left_file000_003152.jpg
324,data\derived\task1_detection\raw_frames\short_head_left_file000_003162.jpg,short_head_left_file000_003162.jpg
325,data\derived\task1_detection\raw_frames\short_head_left_file000_003165.jpg,short_head_left_file000_003165.jpg
326,data\derived\task1_detection\raw_frames\short_head_left_file000_003173.jpg,short_head_left_file000_003173.jpg
327,data\derived\task1_detection\raw_frames\short_head_left_file000_003190.jpg,short_head_left_file000_003190.jpg
328,data\derived\task1_detection\raw_frames\short_head_left_file000_003199.jpg,short_head_left_file000_003199.jpg
329,data\derived\task1_detection\raw_frames\short_head_left_file000_003207.jpg,short_head_left_file000_003207.jpg
330,data\derived\task1_detection\raw_frames\short_head_left_file000_003218.jpg,short_head_left_file000_003218.jpg
331,data\derived\task1_detection\raw_frames\short_head_left_file000_003223.jpg,short_head_left_file000_003223.jpg
332,data\derived\task1_detection\raw_frames\short_head_left_file000_003235.jpg,short_head_left_file000_003235.jpg
333,data\derived\task1_detection\raw_frames\short_head_left_file000_003248.jpg,short_head_left_file000_003248.jpg
334,data\derived\task1_detection\raw_frames\short_head_left_file000_003257.jpg,short_head_left_file000_003257.jpg
335,data\derived\task1_detection\raw_frames\short_head_left_file000_003261.jpg,short_head_left_file000_003261.jpg
336,data\derived\task1_detection\raw_frames\short_head_left_file000_003276.jpg,short_head_left_file000_003276.jpg
337,data\derived\task1_detection\raw_frames\short_head_left_file000_003285.jpg,short_head_left_file000_003285.jpg
338,data\derived\task1_detection\raw_frames\short_head_left_file000_003298.jpg,short_head_left_file000_003298.jpg
339,data\derived\task1_detection\raw_frames\short_head_left_file000_003303.jpg,short_head_left_file000_003303.jpg
340,data\derived\task1_detection\raw_frames\short_head_left_file000_003318.jpg,short_head_left_file000_003318.jpg
341,data\derived\task1_detection\raw_frames\short_head_left_file000_003324.jpg,short_head_left_file000_003324.jpg
342,data\derived\task1_detection\raw_frames\short_head_left_file000_003337.jpg,short_head_left_file000_003337.jpg
343,data\derived\task1_detection\raw_frames\short_head_left_file000_003338.jpg,short_head_left_file000_003338.jpg
344,data\derived\task1_detection\raw_frames\short_head_left_file000_003357.jpg,short_head_left_file000_003357.jpg
345,data\derived\task1_detection\raw_frames\short_head_left_file000_003362.jpg,short_head_left_file000_003362.jpg
346,data\derived\task1_detection\raw_frames\short_head_left_file000_003376.jpg,short_head_left_file000_003376.jpg
347,data\derived\task1_detection\raw_frames\short_head_left_file000_003377.jpg,short_head_left_file000_003377.jpg
348,data\derived\task1_detection\raw_frames\short_head_left_file000_003395.jpg,short_head_left_file000_003395.jpg
349,data\derived\task1_detection\raw_frames\short_head_left_file000_003399.jpg,short_head_left_file000_003399.jpg
350,data\derived\task1_detection\raw_frames\short_head_left_file000_003410.jpg,short_head_left_file000_003410.jpg
351,data\derived\task1_detection\raw_frames\short_head_left_file000_003419.jpg,short_head_left_file000_003419.jpg
352,data\derived\task1_detection\raw_frames\short_head_left_file000_003434.jpg,short_head_left_file000_003434.jpg
353,data\derived\task1_detection\raw_frames\short_head_left_file000_003440.jpg,short_head_left_file000_003440.jpg
354,data\derived\task1_detection\raw_frames\short_head_left_file000_003453.jpg,short_head_left_file000_003453.jpg
355,data\derived\task1_detection\raw_frames\short_head_left_file000_003459.jpg,short_head_left_file000_003459.jpg
356,data\derived\task1_detection\raw_frames\short_head_left_file000_003472.jpg,short_head_left_file000_003472.jpg
357,data\derived\task1_detection\raw_frames\short_head_left_file000_003478.jpg,short_head_left_file000_003478.jpg
358,data\derived\task1_detection\raw_frames\short_head_left_file000_003491.jpg,short_head_left_file000_003491.jpg
359,data\derived\task1_detection\raw_frames\short_head_left_file000_003496.jpg,short_head_left_file000_003496.jpg
360,data\derived\task1_detection\raw_frames\short_head_left_file000_003512.jpg,short_head_left_file000_003512.jpg
361,data\derived\task1_detection\raw_frames\short_head_left_file000_003515.jpg,short_head_left_file000_003515.jpg
362,data\derived\task1_detection\raw_frames\short_head_left_file000_003532.jpg,short_head_left_file000_003532.jpg
363,data\derived\task1_detection\raw_frames\short_head_left_file000_003535.jpg,short_head_left_file000_003535.jpg
364,data\derived\task1_detection\raw_frames\short_head_left_file000_003550.jpg,short_head_left_file000_003550.jpg
365,data\derived\task1_detection\raw_frames\short_head_left_file000_003554.jpg,short_head_left_file000_003554.jpg
366,data\derived\task1_detection\raw_frames\short_head_left_file000_003570.jpg,short_head_left_file000_003570.jpg
367,data\derived\task1_detection\raw_frames\short_head_left_file000_003573.jpg,short_head_left_file000_003573.jpg
368,data\derived\task1_detection\raw_frames\short_head_left_file000_003591.jpg,short_head_left_file000_003591.jpg
369,data\derived\task1_detection\raw_frames\short_head_left_file000_003592.jpg,short_head_left_file000_003592.jpg
370,data\derived\task1_detection\raw_frames\short_head_left_file000_003607.jpg,short_head_left_file000_003607.jpg
371,data\derived\task1_detection\raw_frames\short_head_left_file000_003612.jpg,short_head_left_file000_003612.jpg
372,data\derived\task1_detection\raw_frames\short_head_left_file000_003627.jpg,short_head_left_file000_003627.jpg
373,data\derived\task1_detection\raw_frames\short_head_left_file000_003631.jpg,short_head_left_file000_003631.jpg
374,data\derived\task1_detection\raw_frames\short_head_left_file000_003650.jpg,short_head_left_file000_003650.jpg
375,data\derived\task1_detection\raw_frames\short_head_left_file000_003651.jpg,short_head_left_file000_003651.jpg
376,data\derived\task1_detection\raw_frames\short_head_left_file000_003664.jpg,short_head_left_file000_003664.jpg
377,data\derived\task1_detection\raw_frames\short_head_left_file000_003670.jpg,short_head_left_file000_003670.jpg
378,data\derived\task1_detection\raw_frames\short_head_left_file000_003687.jpg,short_head_left_file000_003687.jpg
379,data\derived\task1_detection\raw_frames\short_head_left_file000_003699.jpg,short_head_left_file000_003699.jpg
380,data\derived\task1_detection\raw_frames\short_head_left_file000_003708.jpg,short_head_left_file000_003708.jpg
381,data\derived\task1_detection\raw_frames\short_head_left_file000_003709.jpg,short_head_left_file000_003709.jpg
382,data\derived\task1_detection\raw_frames\short_head_left_file000_003727.jpg,short_head_left_file000_003727.jpg
383,data\derived\task1_detection\raw_frames\short_head_left_file000_003729.jpg,short_head_left_file000_003729.jpg
384,data\derived\task1_detection\raw_frames\short_head_left_file000_003742.jpg,short_head_left_file000_003742.jpg
385,data\derived\task1_detection\raw_frames\short_head_left_file000_003748.jpg,short_head_left_file000_003748.jpg
386,data\derived\task1_detection\raw_frames\short_head_left_file000_003765.jpg,short_head_left_file000_003765.jpg
387,data\derived\task1_detection\raw_frames\short_head_left_file000_003768.jpg,short_head_left_file000_003768.jpg
388,data\derived\task1_detection\raw_frames\short_head_left_file000_003783.jpg,short_head_left_file000_003783.jpg
389,data\derived\task1_detection\raw_frames\short_head_left_file000_003796.jpg,short_head_left_file000_003796.jpg
390,data\derived\task1_detection\raw_frames\short_head_left_file000_003804.jpg,short_head_left_file000_003804.jpg
391,data\derived\task1_detection\raw_frames\short_head_left_file000_003813.jpg,short_head_left_file000_003813.jpg
392,data\derived\task1_detection\raw_frames\short_head_left_file000_003822.jpg,short_head_left_file000_003822.jpg
393,data\derived\task1_detection\raw_frames\short_head_left_file000_003835.jpg,short_head_left_file000_003835.jpg
394,data\derived\task1_detection\raw_frames\short_head_left_file000_003840.jpg,short_head_left_file000_003840.jpg
395,data\derived\task1_detection\raw_frames\short_head_left_file000_003846.jpg,short_head_left_file000_003846.jpg
396,data\derived\task1_detection\raw_frames\short_head_left_file000_003861.jpg,short_head_left_file000_003861.jpg
397,data\derived\task1_detection\raw_frames\short_head_left_file000_003868.jpg,short_head_left_file000_003868.jpg
398,data\derived\task1_detection\raw_frames\short_head_left_file000_003879.jpg,short_head_left_file000_003879.jpg
399,data\derived\task1_detection\raw_frames\short_head_left_file000_003894.jpg,short_head_left_file000_003894.jpg
400,data\derived\task1_detection\raw_frames\short_head_left_file000_003900.jpg,short_head_left_file000_003900.jpg
401,data\derived\task1_detection\raw_frames\short_head_left_file000_003913.jpg,short_head_left_file000_003913.jpg
402,data\derived\task1_detection\raw_frames\short_head_left_file000_003915.jpg,short_head_left_file000_003915.jpg
403,data\derived\task1_detection\raw_frames\short_head_left_file000_003927.jpg,short_head_left_file000_003927.jpg
404,data\derived\task1_detection\raw_frames\short_head_left_file000_003938.jpg,short_head_left_file000_003938.jpg
405,data\derived\task1_detection\raw_frames\short_head_left_file000_003952.jpg,short_head_left_file000_003952.jpg
406,data\derived\task1_detection\raw_frames\short_head_left_file000_003953.jpg,short_head_left_file000_003953.jpg
407,data\derived\task1_detection\raw_frames\short_head_left_file000_003971.jpg,short_head_left_file000_003971.jpg
408,data\derived\task1_detection\raw_frames\short_head_left_file000_003975.jpg,short_head_left_file000_003975.jpg
409,data\derived\task1_detection\raw_frames\short_head_left_file000_003990.jpg,short_head_left_file000_003990.jpg
410,data\derived\task1_detection\raw_frames\short_head_left_file000_003995.jpg,short_head_left_file000_003995.jpg
411,data\derived\task1_detection\raw_frames\short_head_left_file000_004010.jpg,short_head_left_file000_004010.jpg
412,data\derived\task1_detection\raw_frames\short_head_left_file000_004015.jpg,short_head_left_file000_004015.jpg
413,data\derived\task1_detection\raw_frames\short_head_left_file000_004029.jpg,short_head_left_file000_004029.jpg
414,data\derived\task1_detection\raw_frames\short_head_left_file000_004034.jpg,short_head_left_file000_004034.jpg
415,data\derived\task1_detection\raw_frames\short_head_left_file000_004048.jpg,short_head_left_file000_004048.jpg
416,data\derived\task1_detection\raw_frames\short_head_left_file000_004053.jpg,short_head_left_file000_004053.jpg
417,data\derived\task1_detection\raw_frames\short_head_left_file000_004068.jpg,short_head_left_file000_004068.jpg
418,data\derived\task1_detection\raw_frames\short_head_left_file000_004071.jpg,short_head_left_file000_004071.jpg
419,data\derived\task1_detection\raw_frames\short_head_left_file000_004088.jpg,short_head_left_file000_004088.jpg
420,data\derived\task1_detection\raw_frames\short_head_left_file000_004093.jpg,short_head_left_file000_004093.jpg
421,data\derived\task1_detection\raw_frames\short_head_left_file000_004106.jpg,short_head_left_file000_004106.jpg
422,data\derived\task1_detection\raw_frames\short_head_left_file000_004109.jpg,short_head_left_file000_004109.jpg
423,data\derived\task1_detection\raw_frames\short_head_left_file000_004128.jpg,short_head_left_file000_004128.jpg
424,data\derived\task1_detection\raw_frames\short_head_left_file000_004130.jpg,short_head_left_file000_004130.jpg
425,data\derived\task1_detection\raw_frames\short_head_left_file000_004147.jpg,short_head_left_file000_004147.jpg
426,data\derived\task1_detection\raw_frames\short_head_left_file000_004149.jpg,short_head_left_file000_004149.jpg
427,data\derived\task1_detection\raw_frames\short_head_left_file000_004167.jpg,short_head_left_file000_004167.jpg
428,data\derived\task1_detection\raw_frames\short_head_left_file000_004168.jpg,short_head_left_file000_004168.jpg
429,data\derived\task1_detection\raw_frames\short_head_left_file000_004183.jpg,short_head_left_file000_004183.jpg
430,data\derived\task1_detection\raw_frames\short_head_left_file000_004188.jpg,short_head_left_file000_004188.jpg
431,data\derived\task1_detection\raw_frames\short_head_left_file000_004202.jpg,short_head_left_file000_004202.jpg
432,data\derived\task1_detection\raw_frames\short_head_left_file000_004207.jpg,short_head_left_file000_004207.jpg
433,data\derived\task1_detection\raw_frames\short_head_left_file000_004224.jpg,short_head_left_file000_004224.jpg
434,data\derived\task1_detection\raw_frames\short_head_left_file000_004229.jpg,short_head_left_file000_004229.jpg
435,data\derived\task1_detection\raw_frames\short_head_left_file000_004245.jpg,short_head_left_file000_004245.jpg
436,data\derived\task1_detection\raw_frames\short_head_left_file000_004246.jpg,short_head_left_file000_004246.jpg
437,data\derived\task1_detection\raw_frames\short_head_left_file000_004263.jpg,short_head_left_file000_004263.jpg
438,data\derived\task1_detection\raw_frames\short_head_left_file000_004268.jpg,short_head_left_file000_004268.jpg
439,data\derived\task1_detection\raw_frames\short_head_left_file000_004283.jpg,short_head_left_file000_004283.jpg
440,data\derived\task1_detection\raw_frames\short_head_left_file000_004285.jpg,short_head_left_file000_004285.jpg
441,data\derived\task1_detection\raw_frames\short_head_left_file000_004303.jpg,short_head_left_file000_004303.jpg
442,data\derived\task1_detection\raw_frames\short_head_left_file000_004305.jpg,short_head_left_file000_004305.jpg
443,data\derived\task1_detection\raw_frames\short_head_left_file000_004317.jpg,short_head_left_file000_004317.jpg
444,data\derived\task1_detection\raw_frames\short_head_left_file000_004325.jpg,short_head_left_file000_004325.jpg
445,data\derived\task1_detection\raw_frames\short_head_left_file000_004341.jpg,short_head_left_file000_004341.jpg
446,data\derived\task1_detection\raw_frames\short_head_left_file000_004351.jpg,short_head_left_file000_004351.jpg
447,data\derived\task1_detection\raw_frames\short_head_left_file000_004359.jpg,short_head_left_file000_004359.jpg
448,data\derived\task1_detection\raw_frames\short_head_left_file000_004372.jpg,short_head_left_file000_004372.jpg
449,data\derived\task1_detection\raw_frames\short_head_left_file000_004376.jpg,short_head_left_file000_004376.jpg
450,data\derived\task1_detection\raw_frames\short_head_left_file000_004387.jpg,short_head_left_file000_004387.jpg
451,data\derived\task1_detection\raw_frames\short_head_left_file000_004398.jpg,short_head_left_file000_004398.jpg
452,data\derived\task1_detection\raw_frames\short_head_left_file000_004409.jpg,short_head_left_file000_004409.jpg
453,data\derived\task1_detection\raw_frames\short_head_left_file000_004413.jpg,short_head_left_file000_004413.jpg
454,data\derived\task1_detection\raw_frames\short_head_left_file000_004430.jpg,short_head_left_file000_004430.jpg
455,data\derived\task1_detection\raw_frames\short_head_left_file000_004434.jpg,short_head_left_file000_004434.jpg
456,data\derived\task1_detection\raw_frames\short_head_left_file000_004448.jpg,short_head_left_file000_004448.jpg
457,data\derived\task1_detection\raw_frames\short_head_left_file000_004455.jpg,short_head_left_file000_004455.jpg
458,data\derived\task1_detection\raw_frames\short_head_left_file000_004470.jpg,short_head_left_file000_004470.jpg
459,data\derived\task1_detection\raw_frames\short_head_left_file000_004471.jpg,short_head_left_file000_004471.jpg
460,data\derived\task1_detection\raw_frames\short_head_left_file000_004487.jpg,short_head_left_file000_004487.jpg
461,data\derived\task1_detection\raw_frames\short_head_left_file000_004494.jpg,short_head_left_file000_004494.jpg
462,data\derived\task1_detection\raw_frames\short_head_left_file000_004509.jpg,short_head_left_file000_004509.jpg
463,data\derived\task1_detection\raw_frames\short_head_left_file000_004514.jpg,short_head_left_file000_004514.jpg
464,data\derived\task1_detection\raw_frames\short_head_left_file000_004528.jpg,short_head_left_file000_004528.jpg
465,data\derived\task1_detection\raw_frames\short_head_left_file000_004529.jpg,short_head_left_file000_004529.jpg
466,data\derived\task1_detection\raw_frames\short_head_left_file000_004547.jpg,short_head_left_file000_004547.jpg
467,data\derived\task1_detection\raw_frames\short_head_left_file000_004551.jpg,short_head_left_file000_004551.jpg
468,data\derived\task1_detection\raw_frames\short_head_left_file000_004567.jpg,short_head_left_file000_004567.jpg
469,data\derived\task1_detection\raw_frames\short_head_left_file000_004573.jpg,short_head_left_file000_004573.jpg
470,data\derived\task1_detection\raw_frames\short_head_left_file000_004586.jpg,short_head_left_file000_004586.jpg
471,data\derived\task1_detection\raw_frames\short_head_left_file000_004589.jpg,short_head_left_file000_004589.jpg
472,data\derived\task1_detection\raw_frames\short_head_left_file000_004606.jpg,short_head_left_file000_004606.jpg
473,data\derived\task1_detection\raw_frames\short_head_left_file000_004610.jpg,short_head_left_file000_004610.jpg
474,data\derived\task1_detection\raw_frames\short_head_left_file000_004626.jpg,short_head_left_file000_004626.jpg
475,data\derived\task1_detection\raw_frames\short_head_left_file000_004629.jpg,short_head_left_file000_004629.jpg
476,data\derived\task1_detection\raw_frames\short_head_left_file000_004644.jpg,short_head_left_file000_004644.jpg
477,data\derived\task1_detection\raw_frames\short_head_left_file000_004647.jpg,short_head_left_file000_004647.jpg
478,data\derived\task1_detection\raw_frames\short_head_left_file000_004663.jpg,short_head_left_file000_004663.jpg
479,data\derived\task1_detection\raw_frames\short_head_left_file000_004668.jpg,short_head_left_file000_004668.jpg
480,data\derived\task1_detection\raw_frames\short_head_left_file000_004682.jpg,short_head_left_file000_004682.jpg
481,data\derived\task1_detection\raw_frames\short_head_left_file000_004685.jpg,short_head_left_file000_004685.jpg
482,data\derived\task1_detection\raw_frames\short_head_left_file000_004704.jpg,short_head_left_file000_004704.jpg
483,data\derived\task1_detection\raw_frames\short_head_left_file000_004707.jpg,short_head_left_file000_004707.jpg
484,data\derived\task1_detection\raw_frames\short_head_left_file000_004723.jpg,short_head_left_file000_004723.jpg
485,data\derived\task1_detection\raw_frames\short_head_left_file000_004725.jpg,short_head_left_file000_004725.jpg
486,data\derived\task1_detection\raw_frames\short_head_left_file000_004743.jpg,short_head_left_file000_004743.jpg
487,data\derived\task1_detection\raw_frames\short_head_left_file000_004744.jpg,short_head_left_file000_004744.jpg
488,data\derived\task1_detection\raw_frames\short_head_left_file000_004758.jpg,short_head_left_file000_004758.jpg
489,data\derived\task1_detection\raw_frames\short_head_left_file000_004764.jpg,short_head_left_file000_004764.jpg
490,data\derived\task1_detection\raw_frames\short_head_left_file000_004778.jpg,short_head_left_file000_004778.jpg
491,data\derived\task1_detection\raw_frames\short_head_left_file000_004783.jpg,short_head_left_file000_004783.jpg
492,data\derived\task1_detection\raw_frames\short_head_left_file000_004798.jpg,short_head_left_file000_004798.jpg
493,data\derived\task1_detection\raw_frames\short_head_left_file000_004802.jpg,short_head_left_file000_004802.jpg
494,data\derived\task1_detection\raw_frames\short_head_left_file000_004821.jpg,short_head_left_file000_004821.jpg
495,data\derived\task1_detection\raw_frames\short_head_left_file000_004822.jpg,short_head_left_file000_004822.jpg
496,data\derived\task1_detection\raw_frames\short_head_left_file000_004839.jpg,short_head_left_file000_004839.jpg
497,data\derived\task1_detection\raw_frames\short_head_left_file000_004842.jpg,short_head_left_file000_004842.jpg
498,data\derived\task1_detection\raw_frames\short_head_left_file000_004860.jpg,short_head_left_file000_004860.jpg
499,data\derived\task1_detection\raw_frames\short_head_left_file000_004861.jpg,short_head_left_file000_004861.jpg
500,data\derived\task1_detection\raw_frames\short_head_left_file000_004879.jpg,short_head_left_file000_004879.jpg
501,data\derived\task1_detection\raw_frames\short_head_left_file000_004881.jpg,short_head_left_file000_004881.jpg
502,data\derived\task1_detection\raw_frames\short_head_left_file000_004898.jpg,short_head_left_file000_004898.jpg
503,data\derived\task1_detection\raw_frames\short_head_left_file000_004900.jpg,short_head_left_file000_004900.jpg
504,data\derived\task1_detection\raw_frames\short_head_left_file000_004912.jpg,short_head_left_file000_004912.jpg
505,data\derived\task1_detection\raw_frames\short_head_left_file000_004926.jpg,short_head_left_file000_004926.jpg
506,data\derived\task1_detection\raw_frames\short_head_left_file000_004935.jpg,short_head_left_file000_004935.jpg
507,data\derived\task1_detection\raw_frames\short_head_left_file000_004947.jpg,short_head_left_file000_004947.jpg
508,data\derived\task1_detection\raw_frames\short_head_left_file000_004956.jpg,short_head_left_file000_004956.jpg
509,data\derived\task1_detection\raw_frames\short_head_left_file000_004965.jpg,short_head_left_file000_004965.jpg
510,data\derived\task1_detection\raw_frames\short_head_left_file000_004970.jpg,short_head_left_file000_004970.jpg
511,data\derived\task1_detection\raw_frames\short_head_left_file000_004978.jpg,short_head_left_file000_004978.jpg
512,data\derived\task1_detection\raw_frames\short_head_left_file000_004995.jpg,short_head_left_file000_004995.jpg
513,data\derived\task1_detection\raw_frames\short_head_left_file000_005004.jpg,short_head_left_file000_005004.jpg
514,data\derived\task1_detection\raw_frames\short_head_left_file000_005013.jpg,short_head_left_file000_005013.jpg
515,data\derived\task1_detection\raw_frames\short_head_left_file000_005023.jpg,short_head_left_file000_005023.jpg
516,data\derived\task1_detection\raw_frames\short_head_left_file000_005031.jpg,short_head_left_file000_005031.jpg
517,data\derived\task1_detection\raw_frames\short_head_left_file000_005044.jpg,short_head_left_file000_005044.jpg
518,data\derived\task1_detection\raw_frames\short_head_left_file000_005052.jpg,short_head_left_file000_005052.jpg
519,data\derived\task1_detection\raw_frames\short_head_left_file000_005065.jpg,short_head_left_file000_005065.jpg
520,data\derived\task1_detection\raw_frames\short_head_left_file000_005066.jpg,short_head_left_file000_005066.jpg
521,data\derived\task1_detection\raw_frames\short_head_left_file000_005083.jpg,short_head_left_file000_005083.jpg
522,data\derived\task1_detection\raw_frames\short_head_left_file000_005090.jpg,short_head_left_file000_005090.jpg
523,data\derived\task1_detection\raw_frames\short_head_left_file000_005097.jpg,short_head_left_file000_005097.jpg
524,data\derived\task1_detection\raw_frames\short_head_left_file000_005109.jpg,short_head_left_file000_005109.jpg
525,data\derived\task1_detection\raw_frames\short_head_left_file000_005123.jpg,short_head_left_file000_005123.jpg
526,data\derived\task1_detection\raw_frames\short_head_left_file000_005127.jpg,short_head_left_file000_005127.jpg
527,data\derived\task1_detection\raw_frames\short_head_left_file000_005142.jpg,short_head_left_file000_005142.jpg
528,data\derived\task1_detection\raw_frames\short_head_left_file000_005148.jpg,short_head_left_file000_005148.jpg
529,data\derived\task1_detection\raw_frames\short_head_left_file000_005162.jpg,short_head_left_file000_005162.jpg
530,data\derived\task1_detection\raw_frames\short_head_left_file000_005167.jpg,short_head_left_file000_005167.jpg
531,data\derived\task1_detection\raw_frames\short_head_left_file000_005181.jpg,short_head_left_file000_005181.jpg
532,data\derived\task1_detection\raw_frames\short_head_left_file000_005184.jpg,short_head_left_file000_005184.jpg
533,data\derived\task1_detection\raw_frames\short_head_left_file000_005202.jpg,short_head_left_file000_005202.jpg
534,data\derived\task1_detection\raw_frames\short_head_left_file000_005205.jpg,short_head_left_file000_005205.jpg
535,data\derived\task1_detection\raw_frames\short_head_left_file000_005221.jpg,short_head_left_file000_005221.jpg
536,data\derived\task1_detection\raw_frames\short_head_left_file000_005223.jpg,short_head_left_file000_005223.jpg
537,data\derived\task1_detection\raw_frames\short_head_left_file000_005238.jpg,short_head_left_file000_005238.jpg
538,data\derived\task1_detection\raw_frames\short_head_left_file000_005245.jpg,short_head_left_file000_005245.jpg
539,data\derived\task1_detection\raw_frames\short_head_left_file000_005259.jpg,short_head_left_file000_005259.jpg
540,data\derived\task1_detection\raw_frames\short_head_left_file000_005263.jpg,short_head_left_file000_005263.jpg
541,data\derived\task1_detection\raw_frames\short_head_left_file000_005279.jpg,short_head_left_file000_005279.jpg
542,data\derived\task1_detection\raw_frames\short_head_left_file000_005282.jpg,short_head_left_file000_005282.jpg
543,data\derived\task1_detection\raw_frames\short_head_left_file000_005297.jpg,short_head_left_file000_005297.jpg
544,data\derived\task1_detection\raw_frames\short_head_left_file000_005303.jpg,short_head_left_file000_005303.jpg
545,data\derived\task1_detection\raw_frames\short_head_left_file000_005319.jpg,short_head_left_file000_005319.jpg
546,data\derived\task1_detection\raw_frames\short_head_left_file000_005320.jpg,short_head_left_file000_005320.jpg
547,data\derived\task1_detection\raw_frames\short_head_left_file000_005335.jpg,short_head_left_file000_005335.jpg
548,data\derived\task1_detection\raw_frames\short_head_left_file000_005343.jpg,short_head_left_file000_005343.jpg
549,data\derived\task1_detection\raw_frames\short_head_left_file000_005358.jpg,short_head_left_file000_005358.jpg
550,data\derived\task1_detection\raw_frames\short_head_left_file000_005359.jpg,short_head_left_file000_005359.jpg
551,data\derived\task1_detection\raw_frames\short_head_left_file000_005376.jpg,short_head_left_file000_005376.jpg
552,data\derived\task1_detection\raw_frames\short_head_left_file000_005378.jpg,short_head_left_file000_005378.jpg
553,data\derived\task1_detection\raw_frames\short_head_left_file000_005397.jpg,short_head_left_file000_005397.jpg
554,data\derived\task1_detection\raw_frames\short_head_left_file000_005398.jpg,short_head_left_file000_005398.jpg
555,data\derived\task1_detection\raw_frames\short_head_left_file000_005415.jpg,short_head_left_file000_005415.jpg
556,data\derived\task1_detection\raw_frames\short_head_left_file000_005417.jpg,short_head_left_file000_005417.jpg
557,data\derived\task1_detection\raw_frames\short_head_left_file000_005434.jpg,short_head_left_file000_005434.jpg
558,data\derived\task1_detection\raw_frames\short_head_left_file000_005438.jpg,short_head_left_file000_005438.jpg
559,data\derived\task1_detection\raw_frames\short_head_left_file000_005455.jpg,short_head_left_file000_005455.jpg
560,data\derived\task1_detection\raw_frames\short_head_left_file000_005456.jpg,short_head_left_file000_005456.jpg
561,data\derived\task1_detection\raw_frames\short_head_left_file000_005470.jpg,short_head_left_file000_005470.jpg
562,data\derived\task1_detection\raw_frames\short_head_left_file000_005476.jpg,short_head_left_file000_005476.jpg
563,data\derived\task1_detection\raw_frames\short_head_left_file000_005488.jpg,short_head_left_file000_005488.jpg
564,data\derived\task1_detection\raw_frames\short_head_left_file000_005495.jpg,short_head_left_file000_005495.jpg
565,data\derived\task1_detection\raw_frames\short_head_left_file000_005511.jpg,short_head_left_file000_005511.jpg
566,data\derived\task1_detection\raw_frames\short_head_left_file000_005515.jpg,short_head_left_file000_005515.jpg
567,data\derived\task1_detection\raw_frames\short_head_left_file000_005531.jpg,short_head_left_file000_005531.jpg
568,data\derived\task1_detection\raw_frames\short_head_left_file000_005534.jpg,short_head_left_file000_005534.jpg
569,data\derived\task1_detection\raw_frames\short_head_left_file000_005551.jpg,short_head_left_file000_005551.jpg
570,data\derived\task1_detection\raw_frames\short_head_left_file000_005554.jpg,short_head_left_file000_005554.jpg
571,data\derived\task1_detection\raw_frames\short_head_left_file000_005565.jpg,short_head_left_file000_005565.jpg
572,data\derived\task1_detection\raw_frames\short_head_left_file000_005574.jpg,short_head_left_file000_005574.jpg
573,data\derived\task1_detection\raw_frames\short_head_left_file000_005590.jpg,short_head_left_file000_005590.jpg
574,data\derived\task1_detection\raw_frames\short_head_left_file000_005599.jpg,short_head_left_file000_005599.jpg
575,data\derived\task1_detection\raw_frames\short_head_left_file000_005607.jpg,short_head_left_file000_005607.jpg
576,data\derived\task1_detection\raw_frames\short_head_left_file000_005618.jpg,short_head_left_file000_005618.jpg
577,data\derived\task1_detection\raw_frames\short_head_left_file000_005623.jpg,short_head_left_file000_005623.jpg
578,data\derived\task1_detection\raw_frames\short_head_left_file000_005640.jpg,short_head_left_file000_005640.jpg
579,data\derived\task1_detection\raw_frames\short_head_left_file000_005645.jpg,short_head_left_file000_005645.jpg
580,data\derived\task1_detection\raw_frames\short_head_left_file000_005656.jpg,short_head_left_file000_005656.jpg
581,data\derived\task1_detection\raw_frames\short_head_left_file000_005663.jpg,short_head_left_file000_005663.jpg
582,data\derived\task1_detection\raw_frames\short_head_left_file000_005674.jpg,short_head_left_file000_005674.jpg
583,data\derived\task1_detection\raw_frames\short_head_left_file000_005685.jpg,short_head_left_file000_005685.jpg
584,data\derived\task1_detection\raw_frames\short_head_left_file000_005699.jpg,short_head_left_file000_005699.jpg
585,data\derived\task1_detection\raw_frames\short_head_left_file000_005703.jpg,short_head_left_file000_005703.jpg
586,data\derived\task1_detection\raw_frames\short_head_left_file000_005718.jpg,short_head_left_file000_005718.jpg
587,data\derived\task1_detection\raw_frames\short_head_left_file000_005723.jpg,short_head_left_file000_005723.jpg
588,data\derived\task1_detection\raw_frames\short_head_left_file000_005738.jpg,short_head_left_file000_005738.jpg
589,data\derived\task1_detection\raw_frames\short_head_left_file000_005741.jpg,short_head_left_file000_005741.jpg
590,data\derived\task1_detection\raw_frames\short_head_left_file000_005757.jpg,short_head_left_file000_005757.jpg
591,data\derived\task1_detection\raw_frames\short_head_left_file000_005763.jpg,short_head_left_file000_005763.jpg
592,data\derived\task1_detection\raw_frames\short_head_left_file000_005776.jpg,short_head_left_file000_005776.jpg
593,data\derived\task1_detection\raw_frames\short_head_left_file000_005781.jpg,short_head_left_file000_005781.jpg
594,data\derived\task1_detection\raw_frames\short_head_left_file000_005796.jpg,short_head_left_file000_005796.jpg
595,data\derived\task1_detection\raw_frames\short_head_left_file000_005799.jpg,short_head_left_file000_005799.jpg
596,data\derived\task1_detection\raw_frames\short_head_left_file000_005815.jpg,short_head_left_file000_005815.jpg
597,data\derived\task1_detection\raw_frames\short_head_left_file000_005819.jpg,short_head_left_file000_005819.jpg
598,data\derived\task1_detection\raw_frames\short_head_left_file000_005836.jpg,short_head_left_file000_005836.jpg
599,data\derived\task1_detection\raw_frames\short_head_left_file000_005840.jpg,short_head_left_file000_005840.jpg
600,data\derived\task1_detection\raw_frames\short_head_left_file000_005854.jpg,short_head_left_file000_005854.jpg
